".pred_class","Watershed",".pred_Kusko",".pred_Nush",".pred_Yukon","Dataset","Model","Correct","Fish_id","predicted_watershed","correct_prediction","OtoNum","natal_iso","natal_isose","natal_start","natal_end","Date","DOY","Year","OriginalDate","Lower","Middle","Upper","genetic_group","cwak_group"
"Nush","Nush",0.292603174603175,0.702846825396825,0.00455,"GAM","RF",TRUE,"2011_nk_105","Nush",TRUE,NA,NA,NA,NA,NA,NA,NA,NA,NA,NA,NA,NA,NA,"CWAK"
"Nush","Nush",0.0547277777777778,0.938588888888889,0.00668333333333333,"GAM","RF",TRUE,"2011_nk_12","Nush",TRUE,NA,NA,NA,NA,NA,NA,NA,NA,NA,NA,NA,NA,NA,"CWAK"
"Nush","Nush",0.365157936507936,0.423013492063492,0.211828571428571,"GAM","RF",TRUE,"2011_nk_127","Nush",TRUE,NA,NA,NA,NA,NA,NA,NA,NA,NA,NA,NA,NA,NA,"CWAK"
"Kusko","Nush",0.59883253968254,0.36905873015873,0.0321087301587302,"GAM","RF",FALSE,"2011_nk_135","Kusko",FALSE,NA,NA,NA,NA,NA,NA,NA,NA,NA,NA,NA,NA,NA,"CWAK"
"Nush","Nush",0.002,0.998,0,"GAM","RF",TRUE,"2011_nk_140","Nush",TRUE,NA,NA,NA,NA,NA,NA,NA,NA,NA,NA,NA,NA,NA,"CWAK"
"Nush","Nush",0.00333888888888889,0.996661111111111,0,"GAM","RF",TRUE,"2011_nk_147","Nush",TRUE,NA,NA,NA,NA,NA,NA,NA,NA,NA,NA,NA,NA,NA,"CWAK"
"Nush","Nush",0.0597293650793651,0.936610317460318,0.00366031746031746,"GAM","RF",TRUE,"2011_nk_150","Nush",TRUE,NA,NA,NA,NA,NA,NA,NA,NA,NA,NA,NA,NA,NA,"CWAK"
"Nush","Nush",0.37558253968254,0.530947619047619,0.0934698412698413,"GAM","RF",TRUE,"2011_nk_151","Nush",TRUE,NA,NA,NA,NA,NA,NA,NA,NA,NA,NA,NA,NA,NA,"CWAK"
"Nush","Nush",0.349911904761905,0.5678,0.0822880952380952,"GAM","RF",TRUE,"2011_nk_156","Nush",TRUE,NA,NA,NA,NA,NA,NA,NA,NA,NA,NA,NA,NA,NA,"CWAK"
"Nush","Nush",0.129287301587302,0.864196031746032,0.00651666666666667,"GAM","RF",TRUE,"2011_nk_16","Nush",TRUE,NA,NA,NA,NA,NA,NA,NA,NA,NA,NA,NA,NA,NA,"CWAK"
"Nush","Nush",0.003,0.996,0.001,"GAM","RF",TRUE,"2011_nk_163","Nush",TRUE,NA,NA,NA,NA,NA,NA,NA,NA,NA,NA,NA,NA,NA,"CWAK"
"Nush","Nush",0.0316301587301587,0.967453174603175,0.000916666666666667,"GAM","RF",TRUE,"2011_nk_170","Nush",TRUE,NA,NA,NA,NA,NA,NA,NA,NA,NA,NA,NA,NA,NA,"CWAK"
"Nush","Nush",0.000619047619047619,0.999380952380952,0,"GAM","RF",TRUE,"2011_nk_178","Nush",TRUE,NA,NA,NA,NA,NA,NA,NA,NA,NA,NA,NA,NA,NA,"CWAK"
"Nush","Nush",0.491385714285714,0.503831746031746,0.00478253968253968,"GAM","RF",TRUE,"2011_nk_190","Nush",TRUE,NA,NA,NA,NA,NA,NA,NA,NA,NA,NA,NA,NA,NA,"CWAK"
"Nush","Nush",0.132895238095238,0.862715873015873,0.00438888888888889,"GAM","RF",TRUE,"2011_nk_199","Nush",TRUE,NA,NA,NA,NA,NA,NA,NA,NA,NA,NA,NA,NA,NA,"CWAK"
"Nush","Nush",0.063797619047619,0.935535714285715,0.000666666666666667,"GAM","RF",TRUE,"2011_nk_20","Nush",TRUE,NA,NA,NA,NA,NA,NA,NA,NA,NA,NA,NA,NA,NA,"CWAK"
"Kusko","Nush",0.497157142857143,0.489188888888889,0.0136539682539683,"GAM","RF",FALSE,"2011_nk_205","Kusko",FALSE,NA,NA,NA,NA,NA,NA,NA,NA,NA,NA,NA,NA,NA,"CWAK"
"Nush","Nush",0.0307666666666667,0.911285714285714,0.057947619047619,"GAM","RF",TRUE,"2011_nk_210","Nush",TRUE,NA,NA,NA,NA,NA,NA,NA,NA,NA,NA,NA,NA,NA,"CWAK"
"Nush","Nush",0.239671428571429,0.707561111111111,0.0527674603174603,"GAM","RF",TRUE,"2011_nk_216","Nush",TRUE,NA,NA,NA,NA,NA,NA,NA,NA,NA,NA,NA,NA,NA,"CWAK"
"Nush","Nush",0.428361904761905,0.545860317460317,0.0257777777777778,"GAM","RF",TRUE,"2011_nk_223","Nush",TRUE,NA,NA,NA,NA,NA,NA,NA,NA,NA,NA,NA,NA,NA,"CWAK"
"Nush","Nush",0.0116666666666667,0.987666666666667,0.000666666666666667,"GAM","RF",TRUE,"2011_nk_225","Nush",TRUE,NA,NA,NA,NA,NA,NA,NA,NA,NA,NA,NA,NA,NA,"CWAK"
"Nush","Nush",0.000285714285714286,0.999714285714286,0,"GAM","RF",TRUE,"2011_nk_227","Nush",TRUE,NA,NA,NA,NA,NA,NA,NA,NA,NA,NA,NA,NA,NA,"CWAK"
"Nush","Nush",0.352719047619048,0.635042857142857,0.0122380952380952,"GAM","RF",TRUE,"2011_nk_228","Nush",TRUE,NA,NA,NA,NA,NA,NA,NA,NA,NA,NA,NA,NA,NA,"CWAK"
"Kusko","Nush",0.790998412698413,0.180855555555556,0.0281460317460317,"GAM","RF",FALSE,"2011_nk_229","Kusko",FALSE,NA,NA,NA,NA,NA,NA,NA,NA,NA,NA,NA,NA,NA,"CWAK"
"Nush","Nush",0.0435349206349206,0.955642857142857,0.000822222222222222,"GAM","RF",TRUE,"2011_nk_231","Nush",TRUE,NA,NA,NA,NA,NA,NA,NA,NA,NA,NA,NA,NA,NA,"CWAK"
"Nush","Nush",0.20902380952381,0.789568253968254,0.00140793650793651,"GAM","RF",TRUE,"2011_nk_237","Nush",TRUE,NA,NA,NA,NA,NA,NA,NA,NA,NA,NA,NA,NA,NA,"CWAK"
"Nush","Nush",0.302769841269841,0.66925873015873,0.0279714285714286,"GAM","RF",TRUE,"2011_nk_23b","Nush",TRUE,NA,NA,NA,NA,NA,NA,NA,NA,NA,NA,NA,NA,NA,"CWAK"
"Nush","Nush",0.001,0.999,0,"GAM","RF",TRUE,"2011_nk_245","Nush",TRUE,NA,NA,NA,NA,NA,NA,NA,NA,NA,NA,NA,NA,NA,"CWAK"
"Nush","Nush",0.354615873015873,0.619875396825397,0.0255087301587302,"GAM","RF",TRUE,"2011_nk_50","Nush",TRUE,NA,NA,NA,NA,NA,NA,NA,NA,NA,NA,NA,NA,NA,"CWAK"
"Nush","Nush",0.217615873015873,0.770601587301587,0.0117825396825397,"GAM","RF",TRUE,"2011_nk_51","Nush",TRUE,NA,NA,NA,NA,NA,NA,NA,NA,NA,NA,NA,NA,NA,"CWAK"
"Nush","Nush",0.248980158730159,0.711324603174603,0.0396952380952381,"GAM","RF",TRUE,"2011_nk_68","Nush",TRUE,NA,NA,NA,NA,NA,NA,NA,NA,NA,NA,NA,NA,NA,"CWAK"
"Nush","Nush",0.0084,0.9911,5e-04,"GAM","RF",TRUE,"2011_nk_75","Nush",TRUE,NA,NA,NA,NA,NA,NA,NA,NA,NA,NA,NA,NA,NA,"CWAK"
"Kusko","Nush",0.494093650793651,0.464461111111111,0.0414452380952381,"GAM","RF",FALSE,"2011_nk_86","Kusko",FALSE,NA,NA,NA,NA,NA,NA,NA,NA,NA,NA,NA,NA,NA,"CWAK"
"Nush","Nush",0.168865079365079,0.775997619047619,0.0551373015873016,"GAM","RF",TRUE,"2011_nk_87","Nush",TRUE,NA,NA,NA,NA,NA,NA,NA,NA,NA,NA,NA,NA,NA,"CWAK"
"Nush","Nush",0.20987380952381,0.72059126984127,0.0695349206349206,"GAM","RF",TRUE,"2011_nk_99","Nush",TRUE,NA,NA,NA,NA,NA,NA,NA,NA,NA,NA,NA,NA,NA,"CWAK"
"Nush","Nush",0.181429365079365,0.813671428571429,0.00489920634920635,"GAM","RF",TRUE,"2014_nk_12","Nush",TRUE,NA,NA,NA,NA,NA,NA,NA,NA,NA,NA,NA,NA,NA,"CWAK"
"Nush","Nush",0.402189682539683,0.441822222222222,0.155988095238095,"GAM","RF",TRUE,"2014_nk_127","Nush",TRUE,NA,NA,NA,NA,NA,NA,NA,NA,NA,NA,NA,NA,NA,"CWAK"
"Nush","Nush",0.0251047619047619,0.974695238095238,2e-04,"GAM","RF",TRUE,"2014_nk_129","Nush",TRUE,NA,NA,NA,NA,NA,NA,NA,NA,NA,NA,NA,NA,NA,"CWAK"
"Nush","Nush",0.290364285714286,0.695769047619048,0.0138666666666667,"GAM","RF",TRUE,"2014_nk_141","Nush",TRUE,NA,NA,NA,NA,NA,NA,NA,NA,NA,NA,NA,NA,NA,"CWAK"
"Nush","Nush",0.177006349206349,0.821266666666667,0.00172698412698413,"GAM","RF",TRUE,"2014_nk_145","Nush",TRUE,NA,NA,NA,NA,NA,NA,NA,NA,NA,NA,NA,NA,NA,"CWAK"
"Nush","Nush",0.00463333333333333,0.995366666666667,0,"GAM","RF",TRUE,"2014_nk_147","Nush",TRUE,NA,NA,NA,NA,NA,NA,NA,NA,NA,NA,NA,NA,NA,"CWAK"
"Nush","Nush",0.217216666666667,0.740951587301587,0.041831746031746,"GAM","RF",TRUE,"2014_nk_155","Nush",TRUE,NA,NA,NA,NA,NA,NA,NA,NA,NA,NA,NA,NA,NA,"CWAK"
"Nush","Nush",0.297396031746032,0.673069047619048,0.0295349206349206,"GAM","RF",TRUE,"2014_nk_157","Nush",TRUE,NA,NA,NA,NA,NA,NA,NA,NA,NA,NA,NA,NA,NA,"CWAK"
"Nush","Nush",0.452969841269841,0.524859523809524,0.0221706349206349,"GAM","RF",TRUE,"2014_nk_163","Nush",TRUE,NA,NA,NA,NA,NA,NA,NA,NA,NA,NA,NA,NA,NA,"CWAK"
"Nush","Nush",0.233115873015873,0.766234126984127,0.00065,"GAM","RF",TRUE,"2014_nk_165","Nush",TRUE,NA,NA,NA,NA,NA,NA,NA,NA,NA,NA,NA,NA,NA,"CWAK"
"Nush","Nush",0.00666666666666667,0.993333333333333,0,"GAM","RF",TRUE,"2014_nk_168","Nush",TRUE,NA,NA,NA,NA,NA,NA,NA,NA,NA,NA,NA,NA,NA,"CWAK"
"Kusko","Nush",0.602690476190476,0.383410317460318,0.0138992063492063,"GAM","RF",FALSE,"2014_nk_173","Kusko",FALSE,NA,NA,NA,NA,NA,NA,NA,NA,NA,NA,NA,NA,NA,"CWAK"
"Nush","Nush",0.256030952380952,0.741535714285714,0.00243333333333333,"GAM","RF",TRUE,"2014_nk_176","Nush",TRUE,NA,NA,NA,NA,NA,NA,NA,NA,NA,NA,NA,NA,NA,"CWAK"
"Kusko","Nush",0.570649206349206,0.426059523809524,0.00329126984126984,"GAM","RF",FALSE,"2014_nk_18_redo","Kusko",FALSE,NA,NA,NA,NA,NA,NA,NA,NA,NA,NA,NA,NA,NA,"CWAK"
"Nush","Nush",0.0696761904761905,0.923734920634921,0.00658888888888889,"GAM","RF",TRUE,"2014_nk_180","Nush",TRUE,NA,NA,NA,NA,NA,NA,NA,NA,NA,NA,NA,NA,NA,"CWAK"
"Nush","Nush",0.101047619047619,0.873215873015873,0.0257365079365079,"GAM","RF",TRUE,"2014_nk_192","Nush",TRUE,NA,NA,NA,NA,NA,NA,NA,NA,NA,NA,NA,NA,NA,"CWAK"
"Nush","Nush",0.001,0.998,0.001,"GAM","RF",TRUE,"2014_nk_195","Nush",TRUE,NA,NA,NA,NA,NA,NA,NA,NA,NA,NA,NA,NA,NA,"CWAK"
"Nush","Nush",0.0115809523809524,0.988419047619048,0,"GAM","RF",TRUE,"2014_nk_200","Nush",TRUE,NA,NA,NA,NA,NA,NA,NA,NA,NA,NA,NA,NA,NA,"CWAK"
"Nush","Nush",0.0068,0.9932,0,"GAM","RF",TRUE,"2014_nk_205","Nush",TRUE,NA,NA,NA,NA,NA,NA,NA,NA,NA,NA,NA,NA,NA,"CWAK"
"Nush","Nush",0.254355555555555,0.659656349206349,0.0859880952380953,"GAM","RF",TRUE,"2014_nk_209","Nush",TRUE,NA,NA,NA,NA,NA,NA,NA,NA,NA,NA,NA,NA,NA,"CWAK"
"Nush","Nush",0.000666666666666667,0.999333333333333,0,"GAM","RF",TRUE,"2014_nk_211","Nush",TRUE,NA,NA,NA,NA,NA,NA,NA,NA,NA,NA,NA,NA,NA,"CWAK"
"Nush","Nush",0.01,0.988833333333333,0.00116666666666667,"GAM","RF",TRUE,"2014_nk_212","Nush",TRUE,NA,NA,NA,NA,NA,NA,NA,NA,NA,NA,NA,NA,NA,"CWAK"
"Nush","Nush",0.00633333333333333,0.993666666666667,0,"GAM","RF",TRUE,"2014_nk_214","Nush",TRUE,NA,NA,NA,NA,NA,NA,NA,NA,NA,NA,NA,NA,NA,"CWAK"
"Nush","Nush",0.0293380952380952,0.970661904761905,0,"GAM","RF",TRUE,"2014_nk_221","Nush",TRUE,NA,NA,NA,NA,NA,NA,NA,NA,NA,NA,NA,NA,NA,"CWAK"
"Nush","Nush",0.0169460317460317,0.983053968253968,0,"GAM","RF",TRUE,"2014_nk_23","Nush",TRUE,NA,NA,NA,NA,NA,NA,NA,NA,NA,NA,NA,NA,NA,"CWAK"
"Kusko","Nush",0.681334126984127,0.0372984126984127,0.28136746031746,"GAM","RF",FALSE,"2014_nk_238","Kusko",FALSE,NA,NA,NA,NA,NA,NA,NA,NA,NA,NA,NA,NA,NA,"CWAK"
"Nush","Nush",0.0460412698412698,0.95395873015873,0,"GAM","RF",TRUE,"2014_nk_239","Nush",TRUE,NA,NA,NA,NA,NA,NA,NA,NA,NA,NA,NA,NA,NA,"CWAK"
"Kusko","Nush",0.732813492063493,0.158443650793651,0.108742857142857,"GAM","RF",FALSE,"2014_nk_244","Kusko",FALSE,NA,NA,NA,NA,NA,NA,NA,NA,NA,NA,NA,NA,NA,"CWAK"
"Nush","Nush",0.0656857142857143,0.926968253968254,0.00734603174603175,"GAM","RF",TRUE,"2014_nk_247","Nush",TRUE,NA,NA,NA,NA,NA,NA,NA,NA,NA,NA,NA,NA,NA,"CWAK"
"Nush","Nush",0.00948809523809524,0.990511904761905,0,"GAM","RF",TRUE,"2014_nk_250","Nush",TRUE,NA,NA,NA,NA,NA,NA,NA,NA,NA,NA,NA,NA,NA,"CWAK"
"Nush","Nush",0.0978015873015873,0.881626984126984,0.0205714285714286,"GAM","RF",TRUE,"2014_nk_257","Nush",TRUE,NA,NA,NA,NA,NA,NA,NA,NA,NA,NA,NA,NA,NA,"CWAK"
"Kusko","Nush",0.511302380952381,0.469323015873016,0.0193746031746032,"GAM","RF",FALSE,"2014_nk_263","Kusko",FALSE,NA,NA,NA,NA,NA,NA,NA,NA,NA,NA,NA,NA,NA,"CWAK"
"Nush","Nush",0.0419904761904762,0.958009523809524,0,"GAM","RF",TRUE,"2014_nk_266","Nush",TRUE,NA,NA,NA,NA,NA,NA,NA,NA,NA,NA,NA,NA,NA,"CWAK"
"Nush","Nush",0.0897206349206349,0.910279365079365,0,"GAM","RF",TRUE,"2014_nk_267","Nush",TRUE,NA,NA,NA,NA,NA,NA,NA,NA,NA,NA,NA,NA,NA,"CWAK"
"Nush","Nush",0.0450420634920635,0.948757936507937,0.0062,"GAM","RF",TRUE,"2014_nk_271","Nush",TRUE,NA,NA,NA,NA,NA,NA,NA,NA,NA,NA,NA,NA,NA,"CWAK"
"Nush","Nush",0.448564285714286,0.477080158730159,0.0743555555555556,"GAM","RF",TRUE,"2014_nk_275","Nush",TRUE,NA,NA,NA,NA,NA,NA,NA,NA,NA,NA,NA,NA,NA,"CWAK"
"Nush","Nush",0.161879365079365,0.836753968253968,0.00136666666666667,"GAM","RF",TRUE,"2014_nk_278","Nush",TRUE,NA,NA,NA,NA,NA,NA,NA,NA,NA,NA,NA,NA,NA,"CWAK"
"Nush","Nush",0.0118333333333333,0.988166666666667,0,"GAM","RF",TRUE,"2014_nk_3","Nush",TRUE,NA,NA,NA,NA,NA,NA,NA,NA,NA,NA,NA,NA,NA,"CWAK"
"Nush","Nush",0.15207619047619,0.831852380952381,0.0160714285714286,"GAM","RF",TRUE,"2014_nk_34","Nush",TRUE,NA,NA,NA,NA,NA,NA,NA,NA,NA,NA,NA,NA,NA,"CWAK"
"Nush","Nush",0.0282047619047619,0.971795238095238,0,"GAM","RF",TRUE,"2014_nk_4","Nush",TRUE,NA,NA,NA,NA,NA,NA,NA,NA,NA,NA,NA,NA,NA,"CWAK"
"Nush","Nush",0.00323809523809524,0.996761904761905,0,"GAM","RF",TRUE,"2014_nk_42_redo","Nush",TRUE,NA,NA,NA,NA,NA,NA,NA,NA,NA,NA,NA,NA,NA,"CWAK"
"Nush","Nush",0.0449785714285714,0.955021428571429,0,"GAM","RF",TRUE,"2014_nk_48","Nush",TRUE,NA,NA,NA,NA,NA,NA,NA,NA,NA,NA,NA,NA,NA,"CWAK"
"Nush","Nush",0.0579253968253968,0.939669047619047,0.00240555555555556,"GAM","RF",TRUE,"2014_nk_5","Nush",TRUE,NA,NA,NA,NA,NA,NA,NA,NA,NA,NA,NA,NA,NA,"CWAK"
"Nush","Nush",0.121248412698413,0.858738888888889,0.0200126984126984,"GAM","RF",TRUE,"2014_nk_56_redo","Nush",TRUE,NA,NA,NA,NA,NA,NA,NA,NA,NA,NA,NA,NA,NA,"CWAK"
"Nush","Nush",0.0195269841269841,0.980473015873016,0,"GAM","RF",TRUE,"2014_nk_64","Nush",TRUE,NA,NA,NA,NA,NA,NA,NA,NA,NA,NA,NA,NA,NA,"CWAK"
"Nush","Nush",0.0221833333333333,0.977816666666666,0,"GAM","RF",TRUE,"2014_nk_65","Nush",TRUE,NA,NA,NA,NA,NA,NA,NA,NA,NA,NA,NA,NA,NA,"CWAK"
"Nush","Nush",0.176387301587302,0.822446031746032,0.00116666666666667,"GAM","RF",TRUE,"2014_nk_7","Nush",TRUE,NA,NA,NA,NA,NA,NA,NA,NA,NA,NA,NA,NA,NA,"CWAK"
"Nush","Nush",0.148476984126984,0.833263492063492,0.0182595238095238,"GAM","RF",TRUE,"2014_nk_72","Nush",TRUE,NA,NA,NA,NA,NA,NA,NA,NA,NA,NA,NA,NA,NA,"CWAK"
"Nush","Nush",0.0400952380952381,0.894173809523809,0.0657309523809524,"GAM","RF",TRUE,"2014_nk_74","Nush",TRUE,NA,NA,NA,NA,NA,NA,NA,NA,NA,NA,NA,NA,NA,"CWAK"
"Nush","Nush",0.0861388888888889,0.903289682539683,0.0105714285714286,"GAM","RF",TRUE,"2014_nk_8","Nush",TRUE,NA,NA,NA,NA,NA,NA,NA,NA,NA,NA,NA,NA,NA,"CWAK"
"Nush","Nush",0.0503936507936508,0.949273015873016,0.000333333333333333,"GAM","RF",TRUE,"2014_nk_84","Nush",TRUE,NA,NA,NA,NA,NA,NA,NA,NA,NA,NA,NA,NA,NA,"CWAK"
"Nush","Nush",0.0224301587301587,0.976998412698413,0.000571428571428571,"GAM","RF",TRUE,"2014_nk_85","Nush",TRUE,NA,NA,NA,NA,NA,NA,NA,NA,NA,NA,NA,NA,NA,"CWAK"
"Nush","Nush",0.231114285714286,0.767314285714286,0.00157142857142857,"GAM","RF",TRUE,"2014_nk_86","Nush",TRUE,NA,NA,NA,NA,NA,NA,NA,NA,NA,NA,NA,NA,NA,"CWAK"
"Nush","Nush",0.07765,0.917877777777778,0.00447222222222222,"GAM","RF",TRUE,"2014_nk_95","Nush",TRUE,NA,NA,NA,NA,NA,NA,NA,NA,NA,NA,NA,NA,NA,"CWAK"
"Nush","Nush",0.015102380952381,0.983897619047619,0.001,"GAM","RF",TRUE,"2014_nk_96","Nush",TRUE,NA,NA,NA,NA,NA,NA,NA,NA,NA,NA,NA,NA,NA,"CWAK"
"Nush","Nush",0.143788888888889,0.819576984126984,0.036634126984127,"GAM","RF",TRUE,"2015_nk_004","Nush",TRUE,NA,NA,NA,NA,NA,NA,NA,NA,NA,NA,NA,NA,NA,"CWAK"
"Nush","Nush",0.032531746031746,0.967468253968254,0,"GAM","RF",TRUE,"2015_nk_011","Nush",TRUE,NA,NA,NA,NA,NA,NA,NA,NA,NA,NA,NA,NA,NA,"CWAK"
"Nush","Nush",0.0554865079365079,0.934029365079365,0.010484126984127,"GAM","RF",TRUE,"2015_nk_018","Nush",TRUE,NA,NA,NA,NA,NA,NA,NA,NA,NA,NA,NA,NA,NA,"CWAK"
"Nush","Nush",0.175489682539683,0.784152380952381,0.0403579365079365,"GAM","RF",TRUE,"2015_nk_023","Nush",TRUE,NA,NA,NA,NA,NA,NA,NA,NA,NA,NA,NA,NA,NA,"CWAK"
"Nush","Nush",0.00468888888888889,0.994711111111111,6e-04,"GAM","RF",TRUE,"2015_nk_064","Nush",TRUE,NA,NA,NA,NA,NA,NA,NA,NA,NA,NA,NA,NA,NA,"CWAK"
"Nush","Nush",0.0248428571428571,0.975157142857143,0,"GAM","RF",TRUE,"2015_nk_070","Nush",TRUE,NA,NA,NA,NA,NA,NA,NA,NA,NA,NA,NA,NA,NA,"CWAK"
"Kusko","Nush",0.809312698412698,0.187262698412698,0.00342460317460317,"GAM","RF",FALSE,"2015_nk_079","Kusko",FALSE,NA,NA,NA,NA,NA,NA,NA,NA,NA,NA,NA,NA,NA,"CWAK"
"Kusko","Nush",0.442025396825397,0.441086507936508,0.116888095238095,"GAM","RF",FALSE,"2015_nk_084","Kusko",FALSE,NA,NA,NA,NA,NA,NA,NA,NA,NA,NA,NA,NA,NA,"CWAK"
"Nush","Nush",0.0226373015873016,0.977362698412698,0,"GAM","RF",TRUE,"2015_nk_088","Nush",TRUE,NA,NA,NA,NA,NA,NA,NA,NA,NA,NA,NA,NA,NA,"CWAK"
"Nush","Nush",0.121051587301587,0.872962698412698,0.00598571428571429,"GAM","RF",TRUE,"2015_nk_093","Nush",TRUE,NA,NA,NA,NA,NA,NA,NA,NA,NA,NA,NA,NA,NA,"CWAK"
"Nush","Nush",0.287569047619048,0.706036507936508,0.00639444444444444,"GAM","RF",TRUE,"2015_nk_099","Nush",TRUE,NA,NA,NA,NA,NA,NA,NA,NA,NA,NA,NA,NA,NA,"CWAK"
"Nush","Nush",0.124080952380952,0.866111111111111,0.00980793650793651,"GAM","RF",TRUE,"2015_nk_103","Nush",TRUE,NA,NA,NA,NA,NA,NA,NA,NA,NA,NA,NA,NA,NA,"CWAK"
"Nush","Nush",0.0092952380952381,0.990704761904762,0,"GAM","RF",TRUE,"2015_nk_104","Nush",TRUE,NA,NA,NA,NA,NA,NA,NA,NA,NA,NA,NA,NA,NA,"CWAK"
"Nush","Nush",0.0910960317460318,0.90833253968254,0.000571428571428571,"GAM","RF",TRUE,"2015_nk_113","Nush",TRUE,NA,NA,NA,NA,NA,NA,NA,NA,NA,NA,NA,NA,NA,"CWAK"
"Nush","Nush",0.0108666666666667,0.989133333333333,0,"GAM","RF",TRUE,"2015_nk_114_redo","Nush",TRUE,NA,NA,NA,NA,NA,NA,NA,NA,NA,NA,NA,NA,NA,"CWAK"
"Nush","Nush",0,1,0,"GAM","RF",TRUE,"2015_nk_116_1","Nush",TRUE,NA,NA,NA,NA,NA,NA,NA,NA,NA,NA,NA,NA,NA,"CWAK"
"Nush","Nush",0.112357142857143,0.876920634920635,0.0107222222222222,"GAM","RF",TRUE,"2015_nk_117","Nush",TRUE,NA,NA,NA,NA,NA,NA,NA,NA,NA,NA,NA,NA,NA,"CWAK"
"Nush","Nush",0.0228293650793651,0.973970634920635,0.0032,"GAM","RF",TRUE,"2015_nk_122_redoB","Nush",TRUE,NA,NA,NA,NA,NA,NA,NA,NA,NA,NA,NA,NA,NA,"CWAK"
"Nush","Nush",0.157980952380952,0.835430158730159,0.00658888888888889,"GAM","RF",TRUE,"2015_nk_124_redo","Nush",TRUE,NA,NA,NA,NA,NA,NA,NA,NA,NA,NA,NA,NA,NA,"CWAK"
"Nush","Nush",0.16222619047619,0.829893650793651,0.00788015873015873,"GAM","RF",TRUE,"2015_nk_136","Nush",TRUE,NA,NA,NA,NA,NA,NA,NA,NA,NA,NA,NA,NA,NA,"CWAK"
"Nush","Nush",0.0092,0.9908,0,"GAM","RF",TRUE,"2015_nk_138","Nush",TRUE,NA,NA,NA,NA,NA,NA,NA,NA,NA,NA,NA,NA,NA,"CWAK"
"Kusko","Nush",0.918760317460317,0.0406952380952381,0.0405444444444444,"GAM","RF",FALSE,"2015_nk_143","Kusko",FALSE,NA,NA,NA,NA,NA,NA,NA,NA,NA,NA,NA,NA,NA,"CWAK"
"Nush","Nush",0.0138912698412698,0.98610873015873,0,"GAM","RF",TRUE,"2015_nk_147_redo","Nush",TRUE,NA,NA,NA,NA,NA,NA,NA,NA,NA,NA,NA,NA,NA,"CWAK"
"Nush","Nush",0.157115873015873,0.689101587301587,0.15378253968254,"GAM","RF",TRUE,"2015_nk_148","Nush",TRUE,NA,NA,NA,NA,NA,NA,NA,NA,NA,NA,NA,NA,NA,"CWAK"
"Nush","Nush",0.152492857142857,0.845673809523809,0.00183333333333333,"GAM","RF",TRUE,"2015_nk_154_redo","Nush",TRUE,NA,NA,NA,NA,NA,NA,NA,NA,NA,NA,NA,NA,NA,"CWAK"
"Nush","Nush",0.0027,0.9973,0,"GAM","RF",TRUE,"2015_nk_163","Nush",TRUE,NA,NA,NA,NA,NA,NA,NA,NA,NA,NA,NA,NA,NA,"CWAK"
"Nush","Nush",0.370903174603174,0.595799206349207,0.033297619047619,"GAM","RF",TRUE,"2015_nk_167_redo","Nush",TRUE,NA,NA,NA,NA,NA,NA,NA,NA,NA,NA,NA,NA,NA,"CWAK"
"Nush","Nush",0.474962698412698,0.51472380952381,0.0103134920634921,"GAM","RF",TRUE,"2015_nk_170","Nush",TRUE,NA,NA,NA,NA,NA,NA,NA,NA,NA,NA,NA,NA,NA,"CWAK"
"Nush","Nush",0.222121428571429,0.72918253968254,0.0486960317460317,"GAM","RF",TRUE,"2015_nk_175","Nush",TRUE,NA,NA,NA,NA,NA,NA,NA,NA,NA,NA,NA,NA,NA,"CWAK"
"Nush","Nush",0.0595412698412698,0.935012698412698,0.00544603174603175,"GAM","RF",TRUE,"2015_nk_176","Nush",TRUE,NA,NA,NA,NA,NA,NA,NA,NA,NA,NA,NA,NA,NA,"CWAK"
"Nush","Nush",0.0231746031746032,0.976603174603175,0.000222222222222222,"GAM","RF",TRUE,"2015_nk_184","Nush",TRUE,NA,NA,NA,NA,NA,NA,NA,NA,NA,NA,NA,NA,NA,"CWAK"
"Nush","Nush",0.00607142857142857,0.993928571428571,0,"GAM","RF",TRUE,"2015_nk_190","Nush",TRUE,NA,NA,NA,NA,NA,NA,NA,NA,NA,NA,NA,NA,NA,"CWAK"
"Nush","Nush",0.0032,0.9968,0,"GAM","RF",TRUE,"2015_nk_191","Nush",TRUE,NA,NA,NA,NA,NA,NA,NA,NA,NA,NA,NA,NA,NA,"CWAK"
"Nush","Nush",0.0882896825396825,0.908865873015873,0.00284444444444444,"GAM","RF",TRUE,"2015_nk_194","Nush",TRUE,NA,NA,NA,NA,NA,NA,NA,NA,NA,NA,NA,NA,NA,"CWAK"
"Nush","Nush",0.169990476190476,0.783165079365079,0.0468444444444444,"GAM","RF",TRUE,"2015_nk_216","Nush",TRUE,NA,NA,NA,NA,NA,NA,NA,NA,NA,NA,NA,NA,NA,"CWAK"
"Nush","Nush",0.00206666666666667,0.9966,0.00133333333333333,"GAM","RF",TRUE,"2015_nk_217","Nush",TRUE,NA,NA,NA,NA,NA,NA,NA,NA,NA,NA,NA,NA,NA,"CWAK"
"Nush","Nush",0,1,0,"GAM","RF",TRUE,"2015_nk_224_redo","Nush",TRUE,NA,NA,NA,NA,NA,NA,NA,NA,NA,NA,NA,NA,NA,"CWAK"
"Nush","Nush",0.0520515873015873,0.94677380952381,0.00117460317460317,"GAM","RF",TRUE,"2015_nk_229","Nush",TRUE,NA,NA,NA,NA,NA,NA,NA,NA,NA,NA,NA,NA,NA,"CWAK"
"Nush","Nush",0.00441904761904762,0.995580952380952,0,"GAM","RF",TRUE,"2015_nk_242","Nush",TRUE,NA,NA,NA,NA,NA,NA,NA,NA,NA,NA,NA,NA,NA,"CWAK"
"Nush","Nush",0.0595571428571429,0.932887301587302,0.00755555555555556,"GAM","RF",TRUE,"2015_nk_244","Nush",TRUE,NA,NA,NA,NA,NA,NA,NA,NA,NA,NA,NA,NA,NA,"CWAK"
"Nush","Nush",0.0147396825396825,0.971242857142857,0.0140174603174603,"GAM","RF",TRUE,"2015_nk_254_redo","Nush",TRUE,NA,NA,NA,NA,NA,NA,NA,NA,NA,NA,NA,NA,NA,"CWAK"
"Nush","Nush",0.0321174603174603,0.966888888888889,0.000993650793650794,"GAM","RF",TRUE,"2015_nk_259","Nush",TRUE,NA,NA,NA,NA,NA,NA,NA,NA,NA,NA,NA,NA,NA,"CWAK"
"Nush","Nush",0.0918166666666667,0.908183333333333,0,"GAM","RF",TRUE,"2015_nk_260_redo","Nush",TRUE,NA,NA,NA,NA,NA,NA,NA,NA,NA,NA,NA,NA,NA,"CWAK"
"Nush","Nush",0.0172031746031746,0.982796825396826,0,"GAM","RF",TRUE,"2015_nk_263","Nush",TRUE,NA,NA,NA,NA,NA,NA,NA,NA,NA,NA,NA,NA,NA,"CWAK"
"Nush","Nush",0.105714285714286,0.888780952380952,0.0055047619047619,"GAM","RF",TRUE,"2015_nk_268","Nush",TRUE,NA,NA,NA,NA,NA,NA,NA,NA,NA,NA,NA,NA,NA,"CWAK"
"Nush","Nush",0.281104761904762,0.524309523809524,0.194585714285714,"GAM","RF",TRUE,"2015_nk_279","Nush",TRUE,NA,NA,NA,NA,NA,NA,NA,NA,NA,NA,NA,NA,NA,"CWAK"
"Nush","Nush",0.0327642857142857,0.967235714285714,0,"GAM","RF",TRUE,"2015_nk_53_redo","Nush",TRUE,NA,NA,NA,NA,NA,NA,NA,NA,NA,NA,NA,NA,NA,"CWAK"
"Nush","Nush",0.00565,0.99435,0,"GAM","RF",TRUE,"2015_nk_59_redo","Nush",TRUE,NA,NA,NA,NA,NA,NA,NA,NA,NA,NA,NA,NA,NA,"CWAK"
"Nush","Nush",0.0609293650793651,0.936068253968254,0.00300238095238095,"GAM","RF",TRUE,"2015_nk_7_redo","Nush",TRUE,NA,NA,NA,NA,NA,NA,NA,NA,NA,NA,NA,NA,NA,"CWAK"
"Yukon","Yukon",0,0,1,"GAM","RF",TRUE,"2015_yk_013","Yukon",TRUE,13,0.710266142280739,0.000775702865756554,588.617014449707,730.907021592178,"2015-06-01",152,2015,"2015-06-01",0,1e-04,0.9999,"Upper","non-CWAK"
"Yukon","Yukon",0,0,1,"GAM","RF",TRUE,"2015_yk_016","Yukon",TRUE,16,0.727811479528522,0.000879943699410477,676.454335307824,839.245527124855,"2015-06-02",153,2015,"2015-06-02",0,0.1788,0.8212,"Upper","non-CWAK"
"Yukon","Yukon",0,0,1,"GAM","RF",TRUE,"2015_yk_032","Yukon",TRUE,32,0.715750220197781,0.0013470472533083,645.74894910566,752.623682047585,"2015-06-05",156,2015,"2015-06-05",0.2717,0.6427,0.0855,"Middle","non-CWAK"
"Yukon","Yukon",0,0,1,"GAM","RF",TRUE,"2015_yk_051a","Yukon",TRUE,51,0.724805318934436,0.000907154097784499,452.025750012887,529.369226260286,"2015-06-06",157,2015,"2015-06-06",0.0037,0.1621,0.8342,"Upper","non-CWAK"
"Yukon","Yukon",0,0,1,"GAM","RF",TRUE,"2015_yk_091","Yukon",TRUE,91,0.709995116620487,0.000757344321815921,488.620782280018,690.050736617953,"2015-06-08",159,2015,"2015-06-08",3e-04,0.6357,0.364,"Middle","non-CWAK"
"Yukon","Yukon",0,0,1,"GAM","RF",TRUE,"2015_yk_101","Yukon",TRUE,101,0.71077664701926,0.000923587784116522,428.811803021269,656.519625330264,"2015-06-07",158,2015,"2015-06-07",0,0.0018,0.9982,"Upper","non-CWAK"
"Yukon","Yukon",0,0,1,"GAM","RF",TRUE,"2015_yk_128","Yukon",TRUE,128,0.722562868070951,0.000600804918846539,589.916402035906,741.758825433286,"2015-06-11",162,2015,"2015-06-11",0,1,0,"Middle","non-CWAK"
"Yukon","Yukon",0,0,1,"GAM","RF",TRUE,"2015_yk_139","Yukon",TRUE,139,0.721423112522696,0.00100601509154167,375.9016777036,438.408331252255,"2015-06-13",164,2015,"2015-06-13",0,0.0028,0.9972,"Upper","non-CWAK"
"Yukon","Yukon",0,0,1,"GAM","RF",TRUE,"2015_yk_148","Yukon",TRUE,148,0.714839172346859,0.00113781348854193,458.000088813128,618.838553875932,"2015-06-14",165,2015,"2015-06-14",0,0,1,"Upper","non-CWAK"
"Yukon","Yukon",0,0,1,"GAM","RF",TRUE,"2015_yk_215","Yukon",TRUE,215,0.715772419133155,0.00143369777798131,623.278521853267,767.408177457048,"2015-06-10",161,2015,"2015-06-10",0,0.396,0.604,"Upper","non-CWAK"
"Yukon","Yukon",0,0,1,"GAM","RF",TRUE,"2015_yk_219","Yukon",TRUE,219,0.725645851190953,0.00128270620706213,468.526845861541,606.563047554209,"2015-06-10",161,2015,"2015-06-10",0,0.0012,0.9988,"Upper","non-CWAK"
"Yukon","Yukon",0,0,1,"GAM","RF",TRUE,"2015_yk_221_2","Yukon",TRUE,221,0.721550494800734,0.000715626696600119,488.246442689139,638.477800974959,"2015-06-11",162,2015,"2015-06-11",0,0.0036,0.9964,"Upper","non-CWAK"
"Yukon","Yukon",0.002,0,0.998,"GAM","RF",TRUE,"2015_yk_234","Yukon",TRUE,234,0.706704149195986,0.000895456664074751,606.112022724615,777.162254685033,"2015-06-11",162,2015,"2015-06-11",0,0,1,"Upper","non-CWAK"
"Yukon","Yukon",0,0,1,"GAM","RF",TRUE,"2015_yk_239","Yukon",TRUE,239,0.718230989921874,0.000795911335476515,280.833397105081,313.081226760194,"2015-06-12",163,2015,"2015-06-12",1e-04,0.9999,0,"Middle","non-CWAK"
"Yukon","Yukon",0.0141666666666667,0,0.985833333333333,"GAM","RF",TRUE,"2015_yk_242","Yukon",TRUE,242,0.706414072015242,0.00147271839488905,416.855748554879,691.712254162884,"2015-06-12",163,2015,"2015-06-12",0,0,1,"Upper","non-CWAK"
"Yukon","Yukon",0.170494444444445,0.00163809523809524,0.82786746031746,"GAM","RF",TRUE,"2015_yk_258","Yukon",TRUE,258,0.70719528413519,0.000673939060677521,760.566585345947,922.448347385563,"2015-06-13",164,2015,"2015-06-13",0.9807,0.0193,0,"Lower","CWAK"
"Yukon","Yukon",0,0,1,"GAM","RF",TRUE,"2015_yk_259","Yukon",TRUE,259,0.724683956086648,0.00103178136700679,488.301355961305,638.276701785961,"2015-06-13",164,2015,"2015-06-13",0.0179,0.9821,0,"Middle","non-CWAK"
"Yukon","Yukon",0,0,1,"GAM","RF",TRUE,"2015_yk_272","Yukon",TRUE,272,0.712944131942657,0.0011861518988285,570.973180040946,710.123600329265,"2015-06-23",174,2015,"2015-06-23",0,0.0024,0.9976,"Upper","non-CWAK"
"Kusko","Yukon",0.680559523809524,0.00590476190476191,0.313535714285714,"GAM","RF",FALSE,"2015_yk_326","Kusko",FALSE,326,0.706515388015137,0.00051877617144589,738.106010520823,831.282390300895,"2015-06-19",170,2015,"2015-06-19",0.9998,2e-04,0,"Lower","CWAK"
"Yukon","Yukon",0,0,1,"GAM","RF",TRUE,"2015_yk_332","Yukon",TRUE,332,0.711672011644236,0.000718887691548461,513.406947760536,664.560186903769,"2015-06-19",170,2015,"2015-06-19",0.0034,0.9966,0,"Middle","non-CWAK"
"Yukon","Yukon",0.020531746031746,0,0.979468253968254,"GAM","RF",TRUE,"2015_yk_379a","Yukon",TRUE,379,0.707086321686754,0.000657935607271618,519.932268167718,649.271788448271,"2015-06-24",175,2015,"2015-06-24",0.9999,1e-04,0,"Lower","CWAK"
"Yukon","Yukon",0.00725555555555556,0,0.992744444444444,"GAM","RF",TRUE,"2015_yk_379b","Yukon",TRUE,379,0.7072434170741,0.000775159223205883,430.341525906012,625.247442716963,"2015-06-24",175,2015,"2015-06-24",0.9999,1e-04,0,"Lower","CWAK"
"Nush","Yukon",0.299874603174603,0.361452380952381,0.338673015873016,"GAM","RF",FALSE,"2015_yk_397","Nush",FALSE,397,0.7077035312836,0.000600123931469499,519.786736538466,711.189653032913,"2015-06-25",176,2015,"2015-06-25",0.4873,0.5127,0,"Middle","non-CWAK"
"Yukon","Yukon",0,0,1,"GAM","RF",TRUE,"2015_yk_405","Yukon",TRUE,405,0.716445353179332,0.00124838496233308,522.527052235002,666.794081600719,"2015-06-25",176,2015,"2015-06-25",0.178,0.4102,0.4118,"Upper","non-CWAK"
"Yukon","Yukon",0,0,1,"GAM","RF",TRUE,"2015_yk_417","Yukon",TRUE,417,0.723106604325891,0.00157201024884597,822.635939946925,940.938126056849,"2015-06-25",176,2015,"2015-06-25",0,4e-04,0.9996,"Upper","non-CWAK"
"Yukon","Yukon",0,0,1,"GAM","RF",TRUE,"2015_yk_433","Yukon",TRUE,433,0.712557176911212,0.00114353340593901,494.467452914545,670.622928236957,"2015-06-26",177,2015,"2015-06-26",0.0014,0.9746,0.0239,"Middle","non-CWAK"
"Yukon","Yukon",0,0,1,"GAM","RF",TRUE,"2015_yk_458","Yukon",TRUE,458,0.722387317000704,0.00084291056907053,505.266193705308,667.976528642973,"2015-06-27",178,2015,"2015-06-27",0,1,0,"Middle","non-CWAK"
"Yukon","Yukon",0,0,1,"GAM","RF",TRUE,"2015_yk_492","Yukon",TRUE,492,0.714816926932094,0.00113598764552379,568.116809498712,708.829102835548,"2015-06-28",179,2015,"2015-06-28",0,0.0045,0.9955,"Upper","non-CWAK"
"Yukon","Yukon",0.13515873015873,0.0266555555555556,0.838185714285714,"GAM","RF",TRUE,"2015_yk_521","Yukon",TRUE,521,0.707106941358212,0.000728989987336091,755.506703088436,836.974954416157,"2015-06-29",180,2015,"2015-06-29",0.994,0.006,0,"Lower","CWAK"
"Yukon","Yukon",0,0,1,"GAM","RF",TRUE,"2015_yk_530_2","Yukon",TRUE,530,0.711276940504019,0.00125611131297294,448.427225278378,505.136089363632,"2015-06-30",181,2015,"2015-06-30",2e-04,2e-04,0.9996,"Upper","non-CWAK"
"Yukon","Yukon",0.216474603174603,0.00298492063492064,0.780540476190476,"GAM","RF",TRUE,"2015_yk_550","Yukon",TRUE,550,0.707062065350164,0.000522740552936111,462.232985534619,558.944381103771,"2015-07-01",182,2015,"2015-07-01",0.9999,1e-04,0,"Lower","CWAK"
"Yukon","Yukon",0.424740476190476,0.0126857142857143,0.56257380952381,"GAM","RF",TRUE,"2015_yk_554","Yukon",TRUE,554,0.707734887346583,0.000415453220852771,603.32348928527,844.10589180825,"2015-07-01",182,2015,"2015-07-01",0.998,0.002,0,"Lower","CWAK"
"Nush","Yukon",0.381996031746032,0.539312698412698,0.0786912698412699,"GAM","RF",FALSE,"2015_yk_566","Nush",FALSE,566,0.707387985277229,0.000434720873120876,495.519091792795,628.999255740651,"2015-07-02",183,2015,"2015-07-02",1,0,0,"Lower","CWAK"
"Yukon","Yukon",0,0,1,"GAM","RF",TRUE,"2015_yk_582","Yukon",TRUE,582,0.71149512644629,0.0013420222697563,605.254165674442,740.687746557088,"2015-07-03",184,2015,"2015-07-03",0.0428,0.039,0.9182,"Upper","non-CWAK"
"Yukon","Yukon",0,0,1,"GAM","RF",TRUE,"2015_yk_595","Yukon",TRUE,595,0.709939459253025,0.00131252086717492,583.88415080279,812.132150721923,"2015-07-03",184,2015,"2015-07-03",0,0.0381,0.9618,"Upper","non-CWAK"
"Yukon","Yukon",0,0,1,"GAM","RF",TRUE,"2015_yk_608","Yukon",TRUE,608,0.7140641117574,0.000962013938904205,464.991069387895,589.56898386928,"2015-07-06",187,2015,"2015-07-06",0.9999,1e-04,0,"Lower","CWAK"
"Yukon","Yukon",0.0204285714285714,0,0.979571428571429,"GAM","RF",TRUE,"2016_yk_006","Yukon",TRUE,6,0.706441261828394,0.000850520235460892,655.280616372958,784.915060826911,"2016-06-09",161,2016,"2016-06-09",0,0,1,"Upper","non-CWAK"
"Yukon","Yukon",0,0,1,"GAM","RF",TRUE,"2016_yk_008","Yukon",TRUE,8,0.713809727763997,0.00157004681829921,1575.81363905219,1775.18329308957,"2016-06-09",161,2016,"2016-06-09",0,1e-04,0.9999,"Upper","non-CWAK"
"Yukon","Yukon",0,0,1,"GAM","RF",TRUE,"2016_yk_011","Yukon",TRUE,11,0.713733724775469,0.000692153046788742,669.57340687743,872.153202033632,"2016-06-09",161,2016,"2016-06-09",0.0627,0.2872,0.65,"Upper","non-CWAK"
"Yukon","Yukon",0,0,1,"GAM","RF",TRUE,"2016_yk_015_redo","Yukon",TRUE,15,0.719534650996466,0.00189791957824841,542.269525867296,724.688634703398,"2016-06-10",162,2016,"2016-06-10",0,0,1,"Upper","non-CWAK"
"Yukon","Yukon",0,0,1,"GAM","RF",TRUE,"2016_yk_024","Yukon",TRUE,24,0.712633832981405,0.00116107814473555,431.542222319261,495.229268308049,"2016-06-13",165,2016,"2016-06-13",0.008,0.2135,0.7785,"Upper","non-CWAK"
"Yukon","Yukon",0,0,1,"GAM","RF",TRUE,"2016_yk_031_redo","Yukon",TRUE,31,0.716701737692973,0.00140093126815916,576.601009341144,677.374774309372,"2016-06-13",165,2016,"2016-06-13",4e-04,0.9976,0.002,"Middle","non-CWAK"
"Yukon","Yukon",0.157981746031746,0.02025,0.821768253968254,"GAM","RF",TRUE,"2016_yk_035_redo","Yukon",TRUE,35,0.707026484836414,0.000738601631125936,486.225383333242,571.080356250487,"2016-06-14",166,2016,"2016-06-14",0.9952,0.0022,0.0026,"Lower","CWAK"
"Yukon","Yukon",0.14927619047619,0,0.85072380952381,"GAM","RF",TRUE,"2016_yk_038","Yukon",TRUE,38,0.705695083378036,0.000875776265889257,609.610281295327,747.992152130705,"2016-06-14",166,2016,"2016-06-14",0.9683,0.0311,6e-04,"Lower","CWAK"
"Yukon","Yukon",0,0,1,"GAM","RF",TRUE,"2016_yk_053_redo","Yukon",TRUE,53,0.710182006496012,0.00267339793595177,515.457817038928,725.529967486292,"2016-06-16",168,2016,"2016-06-16",0.9479,0.0284,0.0237,"Lower","CWAK"
"Yukon","Yukon",0.00780952380952381,0,0.992190476190476,"GAM","RF",TRUE,"2016_yk_054_redo","Yukon",TRUE,54,0.710308990985124,0.00251595302761208,604.236691175784,892.203159883581,"2016-06-16",168,2016,"2016-06-16",0.1188,0.1511,0.7301,"Upper","non-CWAK"
"Yukon","Yukon",0,0,1,"GAM","RF",TRUE,"2016_yk_065","Yukon",TRUE,65,0.72313027850704,0.00121810120634744,593.385398272113,750.183112172191,"2016-06-19",171,2016,"2016-06-19",0.0142,0.9841,0.0017,"Middle","non-CWAK"
"Yukon","Yukon",0.002,0,0.998,"GAM","RF",TRUE,"2016_yk_068","Yukon",TRUE,68,0.709820705752568,0.000876232594027877,340.012481871317,628.874882873741,"2016-06-19",171,2016,"2016-06-19",5e-04,0.0026,0.9969,"Upper","non-CWAK"
"Yukon","Yukon",0,0,1,"GAM","RF",TRUE,"2016_yk_071","Yukon",TRUE,71,0.713836758151866,0.00162829458446674,468.507977557718,660.417002345954,"2016-06-19",171,2016,"2016-06-19",0.0039,0.0341,0.962,"Upper","non-CWAK"
"Yukon","Yukon",0.0447222222222222,0.001,0.954277777777778,"GAM","RF",TRUE,"2016_yk_073","Yukon",TRUE,73,0.707210395305062,0.000673350535639332,637.142812116739,713.775830963923,"2016-06-20",172,2016,"2016-06-20",0.9824,0.0066,0.011,"Lower","CWAK"
"Nush","Yukon",0.321865873015873,0.493786507936508,0.184347619047619,"GAM","RF",FALSE,"2016_yk_079","Nush",FALSE,79,0.706475161707016,0.000790874618241341,478.00675365259,699.870010067111,"2016-06-20",172,2016,"2016-06-20",0.9782,0.0149,0.0068,"Lower","CWAK"
"Yukon","Yukon",0.00842222222222222,0,0.991577777777778,"GAM","RF",TRUE,"2016_yk_086","Yukon",TRUE,86,0.707519829573447,0.000582659948346807,461.064138182642,624.489233017097,"2016-06-21",173,2016,"2016-06-21",0.7663,0.0734,0.1603,"Lower","CWAK"
"Yukon","Yukon",0,0,1,"GAM","RF",TRUE,"2016_yk_090","Yukon",TRUE,90,0.717525739030062,0.00199709526439164,461.248062690633,687.131303625289,"2016-06-22",174,2016,"2016-06-22",0.0016,0.1741,0.8243,"Upper","non-CWAK"
"Yukon","Yukon",0.002,0,0.998,"GAM","RF",TRUE,"2016_yk_092","Yukon",TRUE,92,0.739566763955406,0.00160083516065784,754.639622945344,938.716322855327,"2016-06-22",174,2016,"2016-06-22",0.1506,0.6661,0.1832,"Middle","non-CWAK"
"Yukon","Yukon",0,0,1,"GAM","RF",TRUE,"2016_yk_095_redo","Yukon",TRUE,95,0.726241998506117,0.00113510564510526,1439.53270552528,1549.51429740433,"2016-06-23",175,2016,"2016-06-23",7e-04,0.0542,0.9451,"Upper","non-CWAK"
"Yukon","Yukon",0,0,1,"GAM","RF",TRUE,"2016_yk_101","Yukon",TRUE,101,0.716780562998337,0.00128197412687585,635.436657845593,773.326719369978,"2016-06-03",155,2016,"2016-06-03",1e-04,0.9767,0.0232,"Middle","non-CWAK"
"Yukon","Yukon",0,0,1,"GAM","RF",TRUE,"2016_yk_112","Yukon",TRUE,112,0.715574308452978,0.00128588108747948,683.972425536281,738.61206706741,"2016-06-08",160,2016,"2016-06-08",0,0.1325,0.8675,"Upper","non-CWAK"
"Yukon","Yukon",0,0,1,"GAM","RF",TRUE,"2016_yk_120","Yukon",TRUE,120,0.711978157389297,0.00130355650679992,626.723071019814,886.036376386543,"2016-06-10",162,2016,"2016-06-10",0.0033,0.0614,0.9353,"Upper","non-CWAK"
"Yukon","Yukon",0,0,1,"GAM","RF",TRUE,"2016_yk_123","Yukon",TRUE,123,0.716108076322588,0.00120241253355748,552.534786988007,688.082854354557,"2016-06-10",162,2016,"2016-06-10",8e-04,0.107,0.8922,"Upper","non-CWAK"
"Yukon","Yukon",0,0,1,"GAM","RF",TRUE,"2016_yk_140","Yukon",TRUE,140,0.721874762614523,0.00902650922374395,684.226768932741,795.174825107197,"2016-06-12",164,2016,"2016-06-12",0.0454,0.95,0.0046,"Middle","non-CWAK"
"Yukon","Yukon",0,0,1,"GAM","RF",TRUE,"2016_yk_143","Yukon",TRUE,143,0.712967284677015,0.00148808753126679,323.935167299451,425.495838297213,"2016-06-12",164,2016,"2016-06-12",0.0776,0.0897,0.8327,"Upper","non-CWAK"
"Yukon","Yukon",0,0,1,"GAM","RF",TRUE,"2016_yk_144","Yukon",TRUE,144,0.711779255427009,0.00228289668037003,387.191464950053,557.864580024357,"2016-06-13",165,2016,"2016-06-13",0.6917,0.3077,6e-04,"Lower","CWAK"
"Yukon","Yukon",0,0,1,"GAM","RF",TRUE,"2016_yk_149_redo","Yukon",TRUE,149,0.70888652297446,0.0010550121606203,370.554000887042,481.146647467291,"2016-06-13",165,2016,"2016-06-13",4e-04,0.9996,0,"Middle","non-CWAK"
"Yukon","Yukon",0,0,1,"GAM","RF",TRUE,"2016_yk_168","Yukon",TRUE,168,0.713459561250082,0.00170565588750945,471.81264521474,638.895340811852,"2016-06-17",169,2016,"2016-06-17",0,0,1,"Upper","non-CWAK"
"Yukon","Yukon",0.0621873015873016,0,0.937812698412699,"GAM","RF",TRUE,"2016_yk_173","Yukon",TRUE,173,0.706620455488365,0.000847870229863444,608.293087518418,723.0180176756,"2016-06-18",170,2016,"2016-06-18",0.0082,0.4308,0.561,"Upper","non-CWAK"
"Yukon","Yukon",0,0,1,"GAM","RF",TRUE,"2016_yk_186","Yukon",TRUE,186,0.715704365534793,0.00188965795328243,479.302228247882,623.746890053062,"2016-06-20",172,2016,"2016-06-20",0.004,0.1207,0.8753,"Upper","non-CWAK"
"Yukon","Yukon",0.16240873015873,0.00132698412698413,0.836264285714285,"GAM","RF",TRUE,"2016_yk_194","Yukon",TRUE,194,0.707338452973001,0.00141158424531733,904.488004884201,1091.89067379623,"2016-06-22",174,2016,"2016-06-22",1,0,0,"Lower","CWAK"
"Yukon","Yukon",0.350842063492063,0.283255555555556,0.365902380952381,"GAM","RF",TRUE,"2016_yk_216_redo","Yukon",TRUE,216,0.706311567663482,0.00100756416558112,649.894928844849,874.943808270282,"2016-06-25",177,2016,"2016-06-25",0.9999,1e-04,0,"Lower","CWAK"
"Yukon","Yukon",0.102139682539683,0.0071047619047619,0.890755555555555,"GAM","RF",TRUE,"2016_yk_224","Yukon",TRUE,224,0.7065500100375,0.000914241131748543,666.656928466354,776.05458306117,"2016-06-26",178,2016,"2016-06-26",0.8142,0.1248,0.061,"Lower","CWAK"
"Kusko","Yukon",0.604945238095238,0.075268253968254,0.319786507936508,"GAM","RF",FALSE,"2016_yk_250","Kusko",FALSE,250,0.706300839342235,0.00077914127737029,614.289265423649,736.828486708885,"2016-06-30",182,2016,"2016-06-30",0.219,0.552,0.229,"Middle","non-CWAK"
"Kusko","Kusko",0.98527619047619,0,0.0147238095238095,"GAM","RF",TRUE,"2017_kk_008","Kusko",TRUE,NA,NA,NA,NA,NA,NA,NA,NA,NA,NA,NA,NA,NA,"CWAK"
"Kusko","Kusko",0.835537301587302,0.0288412698412698,0.135621428571429,"GAM","RF",TRUE,"2017_kk_017","Kusko",TRUE,NA,NA,NA,NA,NA,NA,NA,NA,NA,NA,NA,NA,NA,"CWAK"
"Kusko","Kusko",0.527976190476191,0.385159523809524,0.0868642857142857,"GAM","RF",TRUE,"2017_kk_040","Kusko",TRUE,NA,NA,NA,NA,NA,NA,NA,NA,NA,NA,NA,NA,NA,"CWAK"
"Kusko","Kusko",0.998,0,0.002,"GAM","RF",TRUE,"2017_kk_042redo","Kusko",TRUE,NA,NA,NA,NA,NA,NA,NA,NA,NA,NA,NA,NA,NA,"CWAK"
"Kusko","Kusko",0.916092063492063,0.020981746031746,0.0629261904761905,"GAM","RF",TRUE,"2017_kk_048","Kusko",TRUE,NA,NA,NA,NA,NA,NA,NA,NA,NA,NA,NA,NA,NA,"CWAK"
"Kusko","Kusko",0.674719841269841,0.305615873015873,0.0196642857142857,"GAM","RF",TRUE,"2017_kk_049redo","Kusko",TRUE,NA,NA,NA,NA,NA,NA,NA,NA,NA,NA,NA,NA,NA,"CWAK"
"Kusko","Kusko",0.999028571428571,0,0.000971428571428571,"GAM","RF",TRUE,"2017_kk_050","Kusko",TRUE,NA,NA,NA,NA,NA,NA,NA,NA,NA,NA,NA,NA,NA,"CWAK"
"Kusko","Kusko",0.757340476190476,0.0267380952380952,0.215921428571429,"GAM","RF",TRUE,"2017_kk_063","Kusko",TRUE,NA,NA,NA,NA,NA,NA,NA,NA,NA,NA,NA,NA,NA,"CWAK"
"Kusko","Kusko",0.482569047619048,0.330403174603175,0.187027777777778,"GAM","RF",TRUE,"2017_kk_064","Kusko",TRUE,NA,NA,NA,NA,NA,NA,NA,NA,NA,NA,NA,NA,NA,"CWAK"
"Kusko","Kusko",0.961126984126984,0.000666666666666667,0.0382063492063492,"GAM","RF",TRUE,"2017_kk_074redo","Kusko",TRUE,NA,NA,NA,NA,NA,NA,NA,NA,NA,NA,NA,NA,NA,"CWAK"
"Kusko","Kusko",0.992479365079365,0.00752063492063492,0,"GAM","RF",TRUE,"2017_kk_077","Kusko",TRUE,NA,NA,NA,NA,NA,NA,NA,NA,NA,NA,NA,NA,NA,"CWAK"
"Kusko","Kusko",0.960439682539682,0,0.0395603174603175,"GAM","RF",TRUE,"2017_kk_081","Kusko",TRUE,NA,NA,NA,NA,NA,NA,NA,NA,NA,NA,NA,NA,NA,"CWAK"
"Kusko","Kusko",0.797419047619048,0.0226460317460317,0.179934920634921,"GAM","RF",TRUE,"2017_kk_092","Kusko",TRUE,NA,NA,NA,NA,NA,NA,NA,NA,NA,NA,NA,NA,NA,"CWAK"
"Kusko","Kusko",0.472409523809524,0.264198412698413,0.263392063492063,"GAM","RF",TRUE,"2017_kk_093","Kusko",TRUE,NA,NA,NA,NA,NA,NA,NA,NA,NA,NA,NA,NA,NA,"CWAK"
"Kusko","Kusko",0.795269047619048,0.0145992063492063,0.190131746031746,"GAM","RF",TRUE,"2017_kk_105","Kusko",TRUE,NA,NA,NA,NA,NA,NA,NA,NA,NA,NA,NA,NA,NA,"CWAK"
"Nush","Kusko",0.0897833333333333,0.900306349206349,0.00991031746031746,"GAM","RF",FALSE,"2017_kk_108","Nush",FALSE,NA,NA,NA,NA,NA,NA,NA,NA,NA,NA,NA,NA,NA,"CWAK"
"Kusko","Kusko",0.687003174603175,0.00914126984126984,0.303855555555556,"GAM","RF",TRUE,"2017_kk_112","Kusko",TRUE,NA,NA,NA,NA,NA,NA,NA,NA,NA,NA,NA,NA,NA,"CWAK"
"Kusko","Kusko",0.943245238095238,0.0242365079365079,0.032518253968254,"GAM","RF",TRUE,"2017_kk_129","Kusko",TRUE,NA,NA,NA,NA,NA,NA,NA,NA,NA,NA,NA,NA,NA,"CWAK"
"Kusko","Kusko",0.983213492063492,0.00376111111111111,0.0130253968253968,"GAM","RF",TRUE,"2017_kk_130","Kusko",TRUE,NA,NA,NA,NA,NA,NA,NA,NA,NA,NA,NA,NA,NA,"CWAK"
"Kusko","Kusko",0.9998,2e-04,0,"GAM","RF",TRUE,"2017_kk_144","Kusko",TRUE,NA,NA,NA,NA,NA,NA,NA,NA,NA,NA,NA,NA,NA,"CWAK"
"Yukon","Kusko",0.283633333333333,0.197552380952381,0.518814285714286,"GAM","RF",FALSE,"2017_kk_149","Yukon",FALSE,NA,NA,NA,NA,NA,NA,NA,NA,NA,NA,NA,NA,NA,"CWAK"
"Kusko","Kusko",0.978929365079365,0.00363809523809524,0.0174325396825397,"GAM","RF",TRUE,"2017_kk_166redo","Kusko",TRUE,NA,NA,NA,NA,NA,NA,NA,NA,NA,NA,NA,NA,NA,"CWAK"
"Kusko","Kusko",0.806683333333334,0.031468253968254,0.161848412698413,"GAM","RF",TRUE,"2017_kk_176redo","Kusko",TRUE,NA,NA,NA,NA,NA,NA,NA,NA,NA,NA,NA,NA,NA,"CWAK"
"Yukon","Kusko",0.184080952380952,0.00646666666666667,0.809452380952381,"GAM","RF",FALSE,"2017_kk_182","Yukon",FALSE,NA,NA,NA,NA,NA,NA,NA,NA,NA,NA,NA,NA,NA,"CWAK"
"Kusko","Kusko",0.966150793650794,0.00450396825396825,0.0293452380952381,"GAM","RF",TRUE,"2017_kk_186redo","Kusko",TRUE,NA,NA,NA,NA,NA,NA,NA,NA,NA,NA,NA,NA,NA,"CWAK"
"Kusko","Kusko",0.719166666666667,0.126840476190476,0.153992857142857,"GAM","RF",TRUE,"2017_kk_187","Kusko",TRUE,NA,NA,NA,NA,NA,NA,NA,NA,NA,NA,NA,NA,NA,"CWAK"
"Nush","Kusko",0.202186507936508,0.792855555555555,0.00495793650793651,"GAM","RF",FALSE,"2017_kk_191","Nush",FALSE,NA,NA,NA,NA,NA,NA,NA,NA,NA,NA,NA,NA,NA,"CWAK"
"Kusko","Kusko",0.997666666666667,0,0.00233333333333333,"GAM","RF",TRUE,"2017_kk_209","Kusko",TRUE,NA,NA,NA,NA,NA,NA,NA,NA,NA,NA,NA,NA,NA,"CWAK"
"Kusko","Kusko",0.955380158730159,0.0112460317460317,0.0333738095238095,"GAM","RF",TRUE,"2017_kk_218","Kusko",TRUE,NA,NA,NA,NA,NA,NA,NA,NA,NA,NA,NA,NA,NA,"CWAK"
"Kusko","Kusko",1,0,0,"GAM","RF",TRUE,"2017_kk_235","Kusko",TRUE,NA,NA,NA,NA,NA,NA,NA,NA,NA,NA,NA,NA,NA,"CWAK"
"Kusko","Kusko",0.943598412698413,0.0469849206349206,0.00941666666666667,"GAM","RF",TRUE,"2017_kk_241","Kusko",TRUE,NA,NA,NA,NA,NA,NA,NA,NA,NA,NA,NA,NA,NA,"CWAK"
"Kusko","Kusko",0.77592380952381,0.00491031746031746,0.219165873015873,"GAM","RF",TRUE,"2017_kk_259redo","Kusko",TRUE,NA,NA,NA,NA,NA,NA,NA,NA,NA,NA,NA,NA,NA,"CWAK"
"Kusko","Kusko",0.604989682539682,0.309085714285714,0.0859246031746032,"GAM","RF",TRUE,"2017_kk_268","Kusko",TRUE,NA,NA,NA,NA,NA,NA,NA,NA,NA,NA,NA,NA,NA,"CWAK"
"Kusko","Kusko",0.64119365079365,0.133173015873016,0.225633333333333,"GAM","RF",TRUE,"2017_kk_271redo","Kusko",TRUE,NA,NA,NA,NA,NA,NA,NA,NA,NA,NA,NA,NA,NA,"CWAK"
"Yukon","Yukon",0,0,1,"GAM","RF",TRUE,"2017_yk_033","Yukon",TRUE,33,0.723163271,0.00126583,594.9306571,731.5697774,"2017-06-11",162,2016,"2017-06-11",0,1,0,"Middle","non-CWAK"
"Yukon","Yukon",0,0,1,"GAM","RF",TRUE,"2017_yk_039","Yukon",TRUE,39,0.71415654,0.002715413,602.2670256,804.2844293,"2017-06-12",163,2016,"2017-06-12",0,9e-04,0.9991,"Upper","non-CWAK"
"Yukon","Yukon",0,0,1,"GAM","RF",TRUE,"2017_yk_041","Yukon",TRUE,41,0.716142373,0.001667968,518.1491666,622.832426,"2017-06-12",163,2016,"2017-06-12",0,0,1,"Upper","non-CWAK"
"Yukon","Yukon",0,0,1,"GAM","RF",TRUE,"2017_yk_047","Yukon",TRUE,47,0.711781378,0.001734165,391.9365818,580.3142866,"2017-06-13",164,2016,"2017-06-13",0,0,1,"Upper","non-CWAK"
"Yukon","Yukon",0,0,1,"GAM","RF",TRUE,"2017_yk_064","Yukon",TRUE,64,0.716876005,0.001708101,473.3398202,667.6672377,"2017-06-18",169,2016,"2017-06-18",0,0.0014,0.9986,"Upper","non-CWAK"
"Yukon","Yukon",0,0,1,"GAM","RF",TRUE,"2017_yk_070_a","Yukon",TRUE,70,0.720263604,0.00070798,399.0004967,581.1409729,"2017-06-19",170,2016,"2017-06-19",0.0187,0.9813,0,"Middle","non-CWAK"
"Yukon","Yukon",0.00133333333333333,0,0.998666666666667,"GAM","RF",TRUE,"2017_yk_071","Yukon",TRUE,71,0.726453106,0.001312515,572.2764224,640.7631732,"2017-06-19",170,2016,"2017-06-19",0,0.0104,0.9896,"Upper","non-CWAK"
"Yukon","Yukon",0.038634126984127,0,0.961365873015873,"GAM","RF",TRUE,"2017_yk_075","Yukon",TRUE,75,0.714277814,0.002236872,748.5220626,930.2411447,"2017-06-19",170,2016,"2017-06-19",0,0.9114,0.0885,"Middle","non-CWAK"
"Yukon","Yukon",0,0,1,"GAM","RF",TRUE,"2017_yk_086","Yukon",TRUE,86,0.71183511,0.001479824,524.5823853,743.3146432,"2017-06-20",171,2016,"2017-06-20",6e-04,0.9994,0,"Middle","non-CWAK"
"Yukon","Yukon",0,0,1,"GAM","RF",TRUE,"2017_yk_094","Yukon",TRUE,94,0.722310649,0.001792956,881.9154533,1013.123309,"2017-06-20",171,2016,"2017-06-20",0.006,0.994,0,"Middle","non-CWAK"
"Yukon","Yukon",0.0265666666666667,0,0.973433333333333,"GAM","RF",TRUE,"2017_yk_098","Yukon",TRUE,98,0.714964078,0.002734362,591.08718,741.883863,"2017-06-21",172,2016,"2017-06-21",0,0,1,"Upper","non-CWAK"
"Yukon","Yukon",0,0,1,"GAM","RF",TRUE,"2017_yk_101","Yukon",TRUE,101,0.71411201,0.00201601,769.7401508,969.7497191,"2017-06-07",158,2016,"2017-06-07",0,0,1,"Upper","non-CWAK"
"Yukon","Yukon",0,0,1,"GAM","RF",TRUE,"2017_yk_105","Yukon",TRUE,105,0.7119241,0.00139347,484.1819732,587.97923,"2017-06-07",158,2016,"2017-06-07",0,7e-04,0.9993,"Upper","non-CWAK"
"Yukon","Yukon",0,0,1,"GAM","RF",TRUE,"2017_yk_116","Yukon",TRUE,116,0.706563053,0.001359807,352.5588268,598.5013309,"2017-06-09",160,2016,"2017-06-09",0,0.1257,0.8743,"Upper","non-CWAK"
"Yukon","Yukon",0,0,1,"GAM","RF",TRUE,"2017_yk_124","Yukon",TRUE,124,0.719062205,0.001721874,354.0817294,443.0812088,"2017-06-10",161,2016,"2017-06-10",0,1,0,"Middle","non-CWAK"
"Yukon","Yukon",0,0,1,"GAM","RF",TRUE,"2017_yk_144","Yukon",TRUE,144,0.71329469,0.001604984,391.9777249,571.0845904,"2017-06-10",161,2016,"2017-06-10",0,0.8222,0.1778,"Middle","non-CWAK"
"Yukon","Yukon",0,0,1,"GAM","RF",TRUE,"2017_yk_149","Yukon",TRUE,149,0.714794538,0.001481814,539.9896094,783.7672731,"2017-06-10",161,2016,"2017-06-10",0,0,1,"Upper","non-CWAK"
"Yukon","Yukon",0,0,1,"GAM","RF",TRUE,"2017_yk_149","Yukon",TRUE,149,0.714794538,0.001481814,539.9896094,783.7672731,"2017-06-10",161,2016,"2017-06-10",0,0,1,"Upper","non-CWAK"
"Yukon","Yukon",0.211228571428571,0.0121746031746032,0.776596825396825,"GAM","RF",TRUE,"2017_yk_169","Yukon",TRUE,169,0.708536529,0.000947791,617.4755557,718.1128875,"2017-06-12",163,2016,"2017-06-12",0.9994,6e-04,0,"Lower","CWAK"
"Yukon","Yukon",0,0,1,"GAM","RF",TRUE,"2017_yk_174","Yukon",TRUE,174,0.72336513,0.002106892,594.389082,755.7116642,"2017-06-12",163,2016,"2017-06-12",1e-04,0.9999,0,"Middle","non-CWAK"
"Yukon","Yukon",0,0,1,"GAM","RF",TRUE,"2017_yk_205","Yukon",TRUE,205,0.722853339,0.001176473,616.8370896,726.0626165,"2017-06-13",164,2016,"2017-06-13",0,1,0,"Middle","non-CWAK"
"Yukon","Yukon",0,0,1,"GAM","RF",TRUE,"2017_yk_178","Yukon",TRUE,178,0.716675758,0.001752377,500.6443394,613.6814497,"2017-06-12",163,2016,"2017-06-12",0,2e-04,0.9998,"Upper","non-CWAK"
"Yukon","Yukon",0,0,1,"GAM","RF",TRUE,"2017_yk_210","Yukon",TRUE,210,0.709533942,0.001738862,528.4710092,635.8516389,"2017-06-13",164,2016,"2017-06-13",0,0,1,"Upper","non-CWAK"
"Yukon","Yukon",0,0,1,"GAM","RF",TRUE,"2017_yk_229","Yukon",TRUE,229,0.712460711,0.001769997,392.5554052,614.2307489,"2017-06-14",165,2016,"2017-06-14",0.138,0.862,1e-04,"Middle","non-CWAK"
"Yukon","Yukon",0.448365873015873,0.0213150793650794,0.530319047619048,"GAM","RF",TRUE,"2017_yk_245","Yukon",TRUE,245,0.706846452,0.00051166,478.2700712,583.1971369,"2017-06-14",165,2016,"2017-06-14",0.9999,1e-04,0,"Lower","CWAK"
"Yukon","Yukon",0,0,1,"GAM","RF",TRUE,"2017_yk_251","Yukon",TRUE,251,0.707997034,0.00063228,435.0698381,642.4769454,"2017-06-14",165,2016,"2017-06-14",0,3e-04,0.9997,"Upper","non-CWAK"
"Yukon","Yukon",0.0024,0,0.9976,"GAM","RF",TRUE,"2017_yk_256","Yukon",TRUE,256,0.709258106,0.001726907,555.5752032,737.4866119,"2017-06-15",166,2016,"2017-06-15",0.0029,0.7135,0.2835,"Middle","non-CWAK"
"Yukon","Yukon",0.00514285714285714,0,0.994857142857143,"GAM","RF",TRUE,"2017_yk_261","Yukon",TRUE,261,0.711392518,0.001785528,640.0894068,817.0015983,"2017-06-15",166,2016,"2017-06-15",1e-04,0.9984,0.0016,"Middle","non-CWAK"
"Yukon","Yukon",0,0,1,"GAM","RF",TRUE,"2017_yk_263","Yukon",TRUE,263,0.722127313,0.001005602,558.3182106,667.0421321,"2017-06-15",166,2016,"2017-06-15",0,0,1,"Upper","non-CWAK"
"Yukon","Yukon",0,0,1,"GAM","RF",TRUE,"2017_yk_276","Yukon",TRUE,276,0.716131005,0.00232441,459.483268,589.7735565,"2017-06-16",167,2016,"2017-06-16",0,0,1,"Upper","non-CWAK"
"Yukon","Yukon",0,0,1,"GAM","RF",TRUE,"2017_yk_281","Yukon",TRUE,281,0.714909692,0.002143411,592.4095188,785.4235449,"2017-06-21",172,2016,"2017-06-21",0,0,1,"Upper","non-CWAK"
"Yukon","Yukon",0,0,1,"GAM","RF",TRUE,"2017_yk_308","Yukon",TRUE,308,0.714698263,0.002463887,571.641779,713.9705587,"2017-06-16",167,2016,"2017-06-16",0,2e-04,0.9998,"Upper","non-CWAK"
"Nush","Yukon",0.257430952380953,0.37401507936508,0.368553968253968,"GAM","RF",FALSE,"2017_yk_336","Nush",FALSE,336,0.707722921,0.00072097,543.6831234,746.6038622,"2017-06-17",168,2016,"2017-06-17",0.9941,0.0059,0,"Lower","CWAK"
"Kusko","Yukon",0.625754761904762,0.0106460317460317,0.363599206349206,"GAM","RF",FALSE,"2017_yk_343","Kusko",FALSE,343,0.706952071,0.000649923,365.207602,492.8458662,"2017-06-17",168,2016,"2017-06-17",0.7599,0.2386,0.0015,"Lower","CWAK"
"Yukon","Yukon",0.00734047619047619,0,0.992659523809524,"GAM","RF",TRUE,"2017_yk_346","Yukon",TRUE,346,0.706633157,0.001089346,424.0539309,587.1151893,"2017-06-17",168,2016,"2017-06-17",0,0.0045,0.9955,"Upper","non-CWAK"
"Yukon","Yukon",0.00413333333333333,0,0.995866666666667,"GAM","RF",TRUE,"2017_yk_352","Yukon",TRUE,352,0.708106701,0.000656632,456.3034677,622.0991546,"2017-06-18",169,2016,"2017-06-18",0.9997,3e-04,0,"Lower","CWAK"
"Yukon","Yukon",0,0,1,"GAM","RF",TRUE,"2017_yk_355","Yukon",TRUE,355,0.715213205,0.001540083,291.9581455,346.2474814,"2017-06-18",169,2016,"2017-06-18",0,0,1,"Upper","non-CWAK"
"Yukon","Yukon",0,0,1,"GAM","RF",TRUE,"2017_yk_371","Yukon",TRUE,371,0.71224896,0.001224679,578.2407076,664.540952,"2017-06-18",169,2016,"2017-06-18",0.4364,0.5635,1e-04,"Middle","non-CWAK"
"Yukon","Yukon",0,0,1,"GAM","RF",TRUE,"2017_yk_374","Yukon",TRUE,374,0.715979504,0.001972796,449.3818377,548.4693079,"2017-06-18",169,2016,"2017-06-18",0,0.0025,0.9974,"Upper","non-CWAK"
"Kusko","Kusko",1,0,0,"GAM","RF",TRUE,"2019_kk_007","Kusko",TRUE,NA,NA,NA,NA,NA,NA,NA,NA,NA,NA,NA,NA,NA,"CWAK"
"Nush","Kusko",0.368136507936508,0.40237619047619,0.229487301587302,"GAM","RF",FALSE,"2019_kk_026","Nush",FALSE,NA,NA,NA,NA,NA,NA,NA,NA,NA,NA,NA,NA,NA,"CWAK"
"Yukon","Yukon",0,0,1,"GAM","RF",TRUE,"2017_yk_212","Yukon",TRUE,212,0.712376777,0.001579774,161.0158775,308.8702038,"2017-06-13",164,2016,"2017-06-13",0,0.0138,0.9862,"Upper","non-CWAK"
"Kusko","Kusko",0.559351587301588,0.408703968253968,0.0319444444444444,"GAM","RF",TRUE,"2019_kk_047","Kusko",TRUE,NA,NA,NA,NA,NA,NA,NA,NA,NA,NA,NA,NA,NA,"CWAK"
"Kusko","Kusko",0.801815873015874,0.158695238095238,0.0394888888888889,"GAM","RF",TRUE,"2019_kk_058","Kusko",TRUE,NA,NA,NA,NA,NA,NA,NA,NA,NA,NA,NA,NA,NA,"CWAK"
"Kusko","Kusko",0.876739682539682,0.122926984126984,0.000333333333333333,"GAM","RF",TRUE,"2019_kk_073","Kusko",TRUE,NA,NA,NA,NA,NA,NA,NA,NA,NA,NA,NA,NA,NA,"CWAK"
"Kusko","Kusko",0.993733333333333,0.0054,0.000866666666666667,"GAM","RF",TRUE,"2019_kk_095","Kusko",TRUE,NA,NA,NA,NA,NA,NA,NA,NA,NA,NA,NA,NA,NA,"CWAK"
"Kusko","Kusko",1,0,0,"GAM","RF",TRUE,"2019_kk_101a","Kusko",TRUE,NA,NA,NA,NA,NA,NA,NA,NA,NA,NA,NA,NA,NA,"CWAK"
"Kusko","Kusko",0.711230952380953,0.0910833333333333,0.197685714285714,"GAM","RF",TRUE,"2019_kk_103","Kusko",TRUE,NA,NA,NA,NA,NA,NA,NA,NA,NA,NA,NA,NA,NA,"CWAK"
"Kusko","Kusko",0.997183333333333,0.00281666666666667,0,"GAM","RF",TRUE,"2019_kk_134","Kusko",TRUE,NA,NA,NA,NA,NA,NA,NA,NA,NA,NA,NA,NA,NA,"CWAK"
"Kusko","Kusko",0.95857619047619,0.0149777777777778,0.0264460317460317,"GAM","RF",TRUE,"2019_kk_143","Kusko",TRUE,NA,NA,NA,NA,NA,NA,NA,NA,NA,NA,NA,NA,NA,"CWAK"
"Kusko","Kusko",0.572531746031746,0.418311111111111,0.00915714285714286,"GAM","RF",TRUE,"2019_kk_152","Kusko",TRUE,NA,NA,NA,NA,NA,NA,NA,NA,NA,NA,NA,NA,NA,"CWAK"
"Kusko","Kusko",0.88918253968254,0.0266357142857143,0.084181746031746,"GAM","RF",TRUE,"2019_kk_171","Kusko",TRUE,NA,NA,NA,NA,NA,NA,NA,NA,NA,NA,NA,NA,NA,"CWAK"
"Kusko","Kusko",0.819715079365079,0.0610928571428571,0.119192063492063,"GAM","RF",TRUE,"2019_kk_229","Kusko",TRUE,NA,NA,NA,NA,NA,NA,NA,NA,NA,NA,NA,NA,NA,"CWAK"
"Kusko","Kusko",0.896865079365079,0.00652380952380952,0.0966111111111111,"GAM","RF",TRUE,"2019_kk_253","Kusko",TRUE,NA,NA,NA,NA,NA,NA,NA,NA,NA,NA,NA,NA,NA,"CWAK"
"Kusko","Kusko",0.775407142857143,0.0435761904761905,0.181016666666667,"GAM","RF",TRUE,"2019_kk_268_left","Kusko",TRUE,NA,NA,NA,NA,NA,NA,NA,NA,NA,NA,NA,NA,NA,"CWAK"
"Kusko","Kusko",0.969435714285714,0.026947619047619,0.00361666666666667,"GAM","RF",TRUE,"2019_kk_321","Kusko",TRUE,NA,NA,NA,NA,NA,NA,NA,NA,NA,NA,NA,NA,NA,"CWAK"
"Kusko","Kusko",0.80313253968254,0.0167047619047619,0.180162698412698,"GAM","RF",TRUE,"2019_kk_324","Kusko",TRUE,NA,NA,NA,NA,NA,NA,NA,NA,NA,NA,NA,NA,NA,"CWAK"
"Kusko","Kusko",0.698319841269841,0.29618253968254,0.00549761904761905,"GAM","RF",TRUE,"2019_kk_344","Kusko",TRUE,NA,NA,NA,NA,NA,NA,NA,NA,NA,NA,NA,NA,NA,"CWAK"
"Kusko","Kusko",0.934590476190476,0.0310428571428571,0.0343666666666667,"GAM","RF",TRUE,"2019_kk_346","Kusko",TRUE,NA,NA,NA,NA,NA,NA,NA,NA,NA,NA,NA,NA,NA,"CWAK"
"Kusko","Kusko",0.961652380952381,0.0330142857142857,0.00533333333333333,"GAM","RF",TRUE,"2019_kk_357","Kusko",TRUE,NA,NA,NA,NA,NA,NA,NA,NA,NA,NA,NA,NA,NA,"CWAK"
"Nush","Kusko",0.0645198412698413,0.92386746031746,0.0116126984126984,"GAM","RF",FALSE,"2019_kk_382","Nush",FALSE,NA,NA,NA,NA,NA,NA,NA,NA,NA,NA,NA,NA,NA,"CWAK"
"Kusko","Kusko",0.612990476190476,0.0373222222222222,0.349687301587302,"GAM","RF",TRUE,"2019_kk_393","Kusko",TRUE,NA,NA,NA,NA,NA,NA,NA,NA,NA,NA,NA,NA,NA,"CWAK"
"Kusko","Kusko",0.970666666666667,0,0.0293333333333333,"GAM","RF",TRUE,"2019_kk_441","Kusko",TRUE,NA,NA,NA,NA,NA,NA,NA,NA,NA,NA,NA,NA,NA,"CWAK"
"Kusko","Kusko",0.961162698412699,4e-04,0.0384373015873016,"GAM","RF",TRUE,"2019_kk_446","Kusko",TRUE,NA,NA,NA,NA,NA,NA,NA,NA,NA,NA,NA,NA,NA,"CWAK"
"Kusko","Kusko",0.768384126984127,0.115153174603175,0.116462698412698,"GAM","RF",TRUE,"2019_kk_456","Kusko",TRUE,NA,NA,NA,NA,NA,NA,NA,NA,NA,NA,NA,NA,NA,"CWAK"
"Kusko","Kusko",0.998,0,0.002,"GAM","RF",TRUE,"2019_kk_467","Kusko",TRUE,NA,NA,NA,NA,NA,NA,NA,NA,NA,NA,NA,NA,NA,"CWAK"
"Kusko","Kusko",0.827529365079365,0.0742952380952381,0.0981753968253968,"GAM","RF",TRUE,"2019_kk_480","Kusko",TRUE,NA,NA,NA,NA,NA,NA,NA,NA,NA,NA,NA,NA,NA,"CWAK"
"Yukon","Yukon",0.0917769841269842,0,0.908223015873016,"GAM","RF",TRUE,"2019_yk_007","Yukon",TRUE,7,0.714480105826563,0.00288342365123837,405.063666616068,600.423327053563,"2019-06-04",155,2019,"2019-06-04",0,0,1,"Upper","non-CWAK"
"Yukon","Yukon",0.07025,0,0.92975,"GAM","RF",TRUE,"2019_yk_016","Yukon",TRUE,16,0.715742940747204,0.00423519843057062,638.057340953768,792.467013407307,"2019-06-06",157,2019,"2019-06-06",0,0,1,"Upper","non-CWAK"
"Yukon","Yukon",0,0,1,"GAM","RF",TRUE,"2019_yk_042","Yukon",TRUE,42,0.718997842682579,0.00231023852290519,632.470768115336,722.776258353253,"2019-06-12",163,2019,"2019-06-12",0,0,1,"Upper","non-CWAK"
"Yukon","Yukon",0,0,1,"GAM","RF",TRUE,"2019_yk_066","Yukon",TRUE,66,0.722785581568554,0.00264426519913854,892.759740300182,992.051815616614,"2019-06-14",165,2019,"2019-06-14",0,1,0,"Middle","non-CWAK"
"Yukon","Yukon",0,0,1,"GAM","RF",TRUE,"2019_yk_082","Yukon",TRUE,82,0.715147327912253,0.00400956445253794,667.490598772074,825.4646252546,"2019-06-16",167,2019,"2019-06-16",0,0,1,"Upper","non-CWAK"
"Yukon","Yukon",0,0,1,"GAM","RF",TRUE,"2019_yk_085","Yukon",TRUE,85,0.713942105639839,0.0040588982931348,755.232822466882,958.769241279493,"2019-06-16",167,2019,"2019-06-16",0,0,1,"Upper","non-CWAK"
"Yukon","Yukon",0.002,0,0.998,"GAM","RF",TRUE,"2019_yk_116","Yukon",TRUE,116,0.713166039535265,0.00235042989303337,522.25020369254,707.98799567297,"2019-06-18",169,2019,"2019-06-18",0,0,1,"Upper","non-CWAK"
"Kusko","Yukon",0.930344444444445,0.00894365079365079,0.0607119047619048,"GAM","RF",FALSE,"2019_yk_119","Kusko",FALSE,119,0.705703513689979,0.00131638821110386,575.442936976354,707.491171064629,"2019-06-18",169,2019,"2019-06-18",1,0,0,"Lower","CWAK"
"Yukon","Yukon",0,0,1,"GAM","RF",TRUE,"2019_yk_128","Yukon",TRUE,128,0.716853008889316,0.00262958993103673,563.906459408352,745.008141566695,"2019-06-18",169,2019,"2019-06-18",0,0,1,"Upper","non-CWAK"
"Yukon","Yukon",0,0,1,"GAM","RF",TRUE,"2019_yk_138","Yukon",TRUE,138,0.721171354994726,0.00154559801078802,726.273139980126,868.351039050808,"2019-06-18",169,2019,"2019-06-18",0,1,0,"Middle","non-CWAK"
"Yukon","Yukon",0.351613492063492,0.0029484126984127,0.645438095238095,"GAM","RF",TRUE,"2019_yk_168","Yukon",TRUE,168,0.707322657941698,0.00189595843743756,584.700083224456,722.541219852467,"2019-06-19",170,2019,"2019-06-19",1,0,0,"Lower","CWAK"
"Yukon","Yukon",0,0,1,"GAM","RF",TRUE,"2019_yk_174","Yukon",TRUE,174,0.723953304514681,0.00227338852863825,587.653979942057,733.340799781803,"2019-06-20",171,2019,"2019-06-20",0,1,0,"Middle","non-CWAK"
"Yukon","Yukon",0.0189142857142857,0,0.981085714285714,"GAM","RF",TRUE,"2019_yk_181","Yukon",TRUE,181,0.711517445390041,0.00296161330782754,570.970764575776,691.62363332627,"2019-06-20",171,2019,"2019-06-20",0,0,1,"Upper","non-CWAK"
"Yukon","Yukon",0,0,1,"GAM","RF",TRUE,"2019_yk_201","Yukon",TRUE,201,0.720456197844027,0.00139853284124049,669.536937808973,819.632814763434,"2019-06-06",157,2019,"2019-06-06",0,0.9307,0.0693,"Middle","non-CWAK"
"Yukon","Yukon",0,0,1,"GAM","RF",TRUE,"2019_yk_209","Yukon",TRUE,209,0.712580742578976,0.0023456442638661,736.063149595646,995.406622532153,"2019-06-06",157,2019,"2019-06-06",0.0036,0.9964,0,"Middle","non-CWAK"
"Yukon","Yukon",0.281721428571429,0.0109619047619048,0.707316666666666,"GAM","RF",TRUE,"2019_yk_216","Yukon",TRUE,216,0.706643632294044,0.00150730769303021,860.018035889613,973.218958307725,"2019-06-07",158,2019,"2019-06-07",1,0,0,"Lower","CWAK"
"Yukon","Yukon",0,0,1,"GAM","RF",TRUE,"2019_yk_230","Yukon",TRUE,230,0.71838990209312,0.000897626265618301,474.921596759519,553.639233640165,"2019-06-11",162,2019,"2019-06-11",0,0,1,"Upper","non-CWAK"
"Yukon","Yukon",0,0,1,"GAM","RF",TRUE,"2019_yk_236","Yukon",TRUE,236,0.71466509393009,0.001308860503644,1013.2079802887,1133.82287797628,"2019-06-13",164,2019,"2019-06-13",0,1e-04,0.9999,"Upper","non-CWAK"
"Yukon","Yukon",0.002,0,0.998,"GAM","RF",TRUE,"2019_yk_257","Yukon",TRUE,257,0.711019077958234,0.00157323641465825,900.170364378639,1144.48586799623,"2019-06-15",166,2019,"2019-06-15",0,0,1,"Upper","non-CWAK"
"Yukon","Yukon",0.002,0,0.998,"GAM","RF",TRUE,"2019_yk_266","Yukon",TRUE,266,0.714811982497998,0.001523898967498,687.864643072071,842.002657116356,"2019-06-16",167,2019,"2019-06-16",0,0,1,"Upper","non-CWAK"
"Yukon","Yukon",0,0,1,"GAM","RF",TRUE,"2019_yk_268","Yukon",TRUE,268,0.715817254846012,0.00156158160138948,662.399855129102,791.018615394742,"2019-06-16",167,2019,"2019-06-16",0,0,1,"Upper","non-CWAK"
"Yukon","Yukon",0.178715079365079,0.0212603174603175,0.800024603174604,"GAM","RF",TRUE,"2019_yk_275","Yukon",TRUE,275,0.70638446378856,0.00140828137231529,198.409785112642,761.613544290292,"2019-06-16",167,2019,"2019-06-16",0,0,1,"Upper","non-CWAK"
"Yukon","Yukon",0,0,1,"GAM","RF",TRUE,"2019_yk_283","Yukon",TRUE,283,0.72013003718079,0.000574246458532712,984.49456510477,1040.30336137799,"2019-06-16",167,2019,"2019-06-16",0,0,1,"Upper","non-CWAK"
"Yukon","Yukon",0,0,1,"GAM","RF",TRUE,"2019_yk_286","Yukon",TRUE,286,0.720827794401387,0.00148046122171235,255.103624941184,506.354530399338,"2019-06-16",167,2019,"2019-06-16",0,1,0,"Middle","non-CWAK"
"Yukon","Yukon",0,0,1,"GAM","RF",TRUE,"2019_yk_292","Yukon",TRUE,292,0.716929515791952,0.00137578881298827,883.588115143419,1010.85259086284,"2019-06-16",167,2019,"2019-06-16",0,1,0,"Middle","non-CWAK"
"Yukon","Yukon",0.00639047619047619,0,0.993609523809524,"GAM","RF",TRUE,"2019_yk_296","Yukon",TRUE,296,0.714638184123934,0.00138899283621453,839.60465792633,1049.83811025048,"2019-06-17",168,2019,"2019-06-17",0,0,1,"Upper","non-CWAK"
"Yukon","Yukon",0,0,1,"GAM","RF",TRUE,"2019_yk_303","Yukon",TRUE,303,0.722411388990184,0.00118295886383912,1038.86521992644,1253.3072319117,"2019-06-17",168,2019,"2019-06-17",0,0,1,"Upper","non-CWAK"
"Yukon","Yukon",0,0,1,"GAM","RF",TRUE,"2019_yk_319","Yukon",TRUE,319,0.720335894392791,0.00149795815137991,872.753278087541,948.601261071879,"2019-06-18",169,2019,"2019-06-18",0,0,1,"Upper","non-CWAK"
"Yukon","Yukon",0,0,1,"GAM","RF",TRUE,"2019_yk_345","Yukon",TRUE,345,0.714553982451042,0.0025785298560925,340.057032393775,466.45458566611,"2019-06-18",169,2019,"2019-06-18",0,0,1,"Upper","non-CWAK"
"Kusko","Yukon",0.567392857142857,0.0269063492063492,0.405700793650794,"GAM","RF",FALSE,"2019_yk_360","Kusko",FALSE,360,0.707197438527739,0.00093718601054365,886.368525002609,981.13096198077,"2019-06-19",170,2019,"2019-06-19",1,0,0,"Lower","CWAK"
"Yukon","Yukon",0.0605301587301587,0,0.939469841269841,"GAM","RF",TRUE,"2019_yk_387","Yukon",TRUE,387,0.716782012216454,0.0024138960819235,930.198727924524,1083.62269451647,"2019-06-20",171,2019,"2019-06-20",0,0,1,"Upper","non-CWAK"
"Yukon","Yukon",0,0,1,"GAM","RF",TRUE,"2019_yk_500","Yukon",TRUE,500,0.710397430034078,0.00208281887324671,986.702531782609,1207.01551463485,"2019-06-24",175,2019,"2019-06-24",0,0.9999,0,"Middle","non-CWAK"
"Kusko","Kusko",0.88354126984127,0.0189079365079365,0.0975507936507937,"GAM","RF",TRUE,"2020_kk_015","Kusko",TRUE,NA,NA,NA,NA,NA,NA,NA,NA,NA,NA,NA,NA,NA,"CWAK"
"Kusko","Kusko",0.992170634920635,0.00749603174603175,0.000333333333333333,"GAM","RF",TRUE,"2020_kk_037","Kusko",TRUE,NA,NA,NA,NA,NA,NA,NA,NA,NA,NA,NA,NA,NA,"CWAK"
"Kusko","Kusko",0.988033333333333,0.0116333333333333,0.000333333333333333,"GAM","RF",TRUE,"2020_kk_048","Kusko",TRUE,NA,NA,NA,NA,NA,NA,NA,NA,NA,NA,NA,NA,NA,"CWAK"
"Kusko","Kusko",0.966295238095238,0.00244444444444444,0.0312603174603175,"GAM","RF",TRUE,"2020_kk_053_redo","Kusko",TRUE,NA,NA,NA,NA,NA,NA,NA,NA,NA,NA,NA,NA,NA,"CWAK"
"Kusko","Kusko",0.671288888888889,0.326627777777778,0.00208333333333333,"GAM","RF",TRUE,"2020_kk_056","Kusko",TRUE,NA,NA,NA,NA,NA,NA,NA,NA,NA,NA,NA,NA,NA,"CWAK"
"Kusko","Kusko",0.57787380952381,0.41443253968254,0.00769365079365079,"GAM","RF",TRUE,"2020_kk_068_redo","Kusko",TRUE,NA,NA,NA,NA,NA,NA,NA,NA,NA,NA,NA,NA,NA,"CWAK"
"Kusko","Kusko",0.631685714285714,0.355610317460318,0.0127039682539683,"GAM","RF",TRUE,"2020_kk_076","Kusko",TRUE,NA,NA,NA,NA,NA,NA,NA,NA,NA,NA,NA,NA,NA,"CWAK"
"Kusko","Kusko",0.931874603174603,0.0330746031746032,0.0350507936507936,"GAM","RF",TRUE,"2020_kk_078_redo","Kusko",TRUE,NA,NA,NA,NA,NA,NA,NA,NA,NA,NA,NA,NA,NA,"CWAK"
"Kusko","Kusko",0.995342063492063,0.00465793650793651,0,"GAM","RF",TRUE,"2020_kk_083_redo_a","Kusko",TRUE,NA,NA,NA,NA,NA,NA,NA,NA,NA,NA,NA,NA,NA,"CWAK"
"Kusko","Kusko",0.994066666666667,0.00433333333333333,0.0016,"GAM","RF",TRUE,"2020_kk_090","Kusko",TRUE,NA,NA,NA,NA,NA,NA,NA,NA,NA,NA,NA,NA,NA,"CWAK"
"Kusko","Kusko",0.903977777777778,0.0242166666666667,0.0718055555555555,"GAM","RF",TRUE,"2020_kk_120","Kusko",TRUE,NA,NA,NA,NA,NA,NA,NA,NA,NA,NA,NA,NA,NA,"CWAK"
"Nush","Kusko",0.349142063492063,0.633335714285714,0.0175222222222222,"GAM","RF",FALSE,"2020_kk_138","Nush",FALSE,NA,NA,NA,NA,NA,NA,NA,NA,NA,NA,NA,NA,NA,"CWAK"
"Kusko","Kusko",0.922453968253968,0.0165134920634921,0.0610325396825397,"GAM","RF",TRUE,"2020_kk_139","Kusko",TRUE,NA,NA,NA,NA,NA,NA,NA,NA,NA,NA,NA,NA,NA,"CWAK"
"Kusko","Kusko",0.961363492063492,0.0253007936507937,0.0133357142857143,"GAM","RF",TRUE,"2020_kk_140_redo","Kusko",TRUE,NA,NA,NA,NA,NA,NA,NA,NA,NA,NA,NA,NA,NA,"CWAK"
"Kusko","Kusko",0.925590476190477,0.0304722222222222,0.0439373015873016,"GAM","RF",TRUE,"2020_kk_145_redo","Kusko",TRUE,NA,NA,NA,NA,NA,NA,NA,NA,NA,NA,NA,NA,NA,"CWAK"
"Kusko","Kusko",0.677271428571429,0.320745238095238,0.00198333333333333,"GAM","RF",TRUE,"2020_kk_153","Kusko",TRUE,NA,NA,NA,NA,NA,NA,NA,NA,NA,NA,NA,NA,NA,"CWAK"
"Kusko","Kusko",0.724420634920635,0.0278722222222222,0.247707142857143,"GAM","RF",TRUE,"2020_kk_174_redo","Kusko",TRUE,NA,NA,NA,NA,NA,NA,NA,NA,NA,NA,NA,NA,NA,"CWAK"
"Nush","Kusko",0.0126888888888889,0.987311111111111,0,"GAM","RF",FALSE,"2020_kk_186_redo","Nush",FALSE,NA,NA,NA,NA,NA,NA,NA,NA,NA,NA,NA,NA,NA,"CWAK"
"Kusko","Kusko",0.913575396825397,0.074497619047619,0.0119269841269841,"GAM","RF",TRUE,"2020_kk_187","Kusko",TRUE,NA,NA,NA,NA,NA,NA,NA,NA,NA,NA,NA,NA,NA,"CWAK"
"Kusko","Kusko",0.768268253968254,0.0293293650793651,0.202402380952381,"GAM","RF",TRUE,"2020_kk_188","Kusko",TRUE,NA,NA,NA,NA,NA,NA,NA,NA,NA,NA,NA,NA,NA,"CWAK"
"Kusko","Kusko",0.983468253968254,0,0.016531746031746,"GAM","RF",TRUE,"2020_kk_191_redo","Kusko",TRUE,NA,NA,NA,NA,NA,NA,NA,NA,NA,NA,NA,NA,NA,"CWAK"
"Kusko","Kusko",0.59732380952381,0.3458,0.0568761904761905,"GAM","RF",TRUE,"2020_kk_196_redo","Kusko",TRUE,NA,NA,NA,NA,NA,NA,NA,NA,NA,NA,NA,NA,NA,"CWAK"
"Kusko","Kusko",0.928798412698413,0,0.0712015873015873,"GAM","RF",TRUE,"2020_kk_207_redo","Kusko",TRUE,NA,NA,NA,NA,NA,NA,NA,NA,NA,NA,NA,NA,NA,"CWAK"
"Kusko","Kusko",0.662247619047619,0.0404888888888889,0.297263492063492,"GAM","RF",TRUE,"2020_kk_219","Kusko",TRUE,NA,NA,NA,NA,NA,NA,NA,NA,NA,NA,NA,NA,NA,"CWAK"
"Kusko","Kusko",0.87645,0.00678888888888889,0.116761111111111,"GAM","RF",TRUE,"2020_kk_237a","Kusko",TRUE,NA,NA,NA,NA,NA,NA,NA,NA,NA,NA,NA,NA,NA,"CWAK"
"Kusko","Kusko",0.998,0.002,0,"GAM","RF",TRUE,"2020_kk_238_redo","Kusko",TRUE,NA,NA,NA,NA,NA,NA,NA,NA,NA,NA,NA,NA,NA,"CWAK"
"Kusko","Kusko",0.505474603174603,0.377865079365079,0.116660317460317,"GAM","RF",TRUE,"2020_kk_241_sld18","Kusko",TRUE,NA,NA,NA,NA,NA,NA,NA,NA,NA,NA,NA,NA,NA,"CWAK"
"Kusko","Kusko",0.678296825396826,0.00695238095238095,0.314750793650794,"GAM","RF",TRUE,"2020_kk_244","Kusko",TRUE,NA,NA,NA,NA,NA,NA,NA,NA,NA,NA,NA,NA,NA,"CWAK"
"Kusko","Kusko",0.996,0.004,0,"GAM","RF",TRUE,"2020_kk_245","Kusko",TRUE,NA,NA,NA,NA,NA,NA,NA,NA,NA,NA,NA,NA,NA,"CWAK"
"Kusko","Kusko",0.780698412698413,0.0559912698412699,0.163310317460317,"GAM","RF",TRUE,"2020_kk_261","Kusko",TRUE,NA,NA,NA,NA,NA,NA,NA,NA,NA,NA,NA,NA,NA,"CWAK"
"Kusko","Kusko",0.985583333333333,0.01195,0.00246666666666667,"GAM","RF",TRUE,"2020_kk_277","Kusko",TRUE,NA,NA,NA,NA,NA,NA,NA,NA,NA,NA,NA,NA,NA,"CWAK"
"Kusko","Kusko",0.928955555555556,0.0653531746031746,0.00569126984126984,"GAM","RF",TRUE,"2020_kk_279","Kusko",TRUE,NA,NA,NA,NA,NA,NA,NA,NA,NA,NA,NA,NA,NA,"CWAK"
"Kusko","Kusko",0.996150793650794,0.000222222222222222,0.00362698412698413,"GAM","RF",TRUE,"2020_kk_290","Kusko",TRUE,NA,NA,NA,NA,NA,NA,NA,NA,NA,NA,NA,NA,NA,"CWAK"
"Kusko","Kusko",0.961801587301587,0.0368650793650794,0.00133333333333333,"GAM","RF",TRUE,"2020_kk_302","Kusko",TRUE,NA,NA,NA,NA,NA,NA,NA,NA,NA,NA,NA,NA,NA,"CWAK"
"Kusko","Kusko",0.845003174603175,0.0112039682539683,0.143792857142857,"GAM","RF",TRUE,"2020_kk_306","Kusko",TRUE,NA,NA,NA,NA,NA,NA,NA,NA,NA,NA,NA,NA,NA,"CWAK"
"Kusko","Kusko",0.999028571428571,0,0.000971428571428571,"GAM","RF",TRUE,"2020_kk_316","Kusko",TRUE,NA,NA,NA,NA,NA,NA,NA,NA,NA,NA,NA,NA,NA,"CWAK"
"Kusko","Kusko",0.990364285714286,0.000785714285714286,0.00885,"GAM","RF",TRUE,"2020_kk_331","Kusko",TRUE,NA,NA,NA,NA,NA,NA,NA,NA,NA,NA,NA,NA,NA,"CWAK"
"Kusko","Kusko",0.701073809523809,0.032318253968254,0.266607936507937,"GAM","RF",TRUE,"2020_kk_332","Kusko",TRUE,NA,NA,NA,NA,NA,NA,NA,NA,NA,NA,NA,NA,NA,"CWAK"
"Kusko","Kusko",0.84020873015873,0.0107412698412698,0.14905,"GAM","RF",TRUE,"2020_kk_335","Kusko",TRUE,NA,NA,NA,NA,NA,NA,NA,NA,NA,NA,NA,NA,NA,"CWAK"
"Kusko","Kusko",0.855001587301588,0.0498738095238095,0.0951246031746032,"GAM","RF",TRUE,"2020_kk_337","Kusko",TRUE,NA,NA,NA,NA,NA,NA,NA,NA,NA,NA,NA,NA,NA,"CWAK"
"Kusko","Kusko",0.995166666666667,0.0035,0.00133333333333333,"GAM","RF",TRUE,"2020_kk_340","Kusko",TRUE,NA,NA,NA,NA,NA,NA,NA,NA,NA,NA,NA,NA,NA,"CWAK"
"Yukon","Kusko",0.4485,0,0.5515,"GAM","RF",FALSE,"2021_kk_021_R1","Yukon",FALSE,NA,NA,NA,NA,NA,NA,NA,NA,NA,NA,NA,NA,NA,"CWAK"
"Kusko","Kusko",0.9996,0,4e-04,"GAM","RF",TRUE,"2021_kk_033","Kusko",TRUE,NA,NA,NA,NA,NA,NA,NA,NA,NA,NA,NA,NA,NA,"CWAK"
"Kusko","Kusko",0.996416666666667,0,0.00358333333333333,"GAM","RF",TRUE,"2021_kk_037","Kusko",TRUE,NA,NA,NA,NA,NA,NA,NA,NA,NA,NA,NA,NA,NA,"CWAK"
"Kusko","Kusko",0.702545238095238,0.00125555555555556,0.296199206349206,"GAM","RF",TRUE,"2021_kk_045","Kusko",TRUE,NA,NA,NA,NA,NA,NA,NA,NA,NA,NA,NA,NA,NA,"CWAK"
"Kusko","Kusko",0.999666666666667,0,0.000333333333333333,"GAM","RF",TRUE,"2021_kk_049_R1","Kusko",TRUE,NA,NA,NA,NA,NA,NA,NA,NA,NA,NA,NA,NA,NA,"CWAK"
"Kusko","Kusko",0.980936507936508,0.0190634920634921,0,"GAM","RF",TRUE,"2021_kk_055_R1","Kusko",TRUE,NA,NA,NA,NA,NA,NA,NA,NA,NA,NA,NA,NA,NA,"CWAK"
"Kusko","Kusko",0.999333333333333,0,0.000666666666666667,"GAM","RF",TRUE,"2021_kk_083_R1","Kusko",TRUE,NA,NA,NA,NA,NA,NA,NA,NA,NA,NA,NA,NA,NA,"CWAK"
"Kusko","Kusko",0.982954761904762,0.00466666666666667,0.0123785714285714,"GAM","RF",TRUE,"2021_kk_110_r1","Kusko",TRUE,NA,NA,NA,NA,NA,NA,NA,NA,NA,NA,NA,NA,NA,"CWAK"
"Kusko","Kusko",0.412634126984127,0.311603968253968,0.275761904761905,"GAM","RF",TRUE,"2021_kk_113","Kusko",TRUE,NA,NA,NA,NA,NA,NA,NA,NA,NA,NA,NA,NA,NA,"CWAK"
"Kusko","Kusko",0.68664126984127,0.274759523809524,0.0385992063492063,"GAM","RF",TRUE,"2021_kk_115","Kusko",TRUE,NA,NA,NA,NA,NA,NA,NA,NA,NA,NA,NA,NA,NA,"CWAK"
"Kusko","Kusko",0.975442857142857,0,0.0245571428571429,"GAM","RF",TRUE,"2021_kk_144_R1","Kusko",TRUE,NA,NA,NA,NA,NA,NA,NA,NA,NA,NA,NA,NA,NA,"CWAK"
"Kusko","Kusko",0.561384126984127,0.0187936507936508,0.419822222222222,"GAM","RF",TRUE,"2021_kk_147_R1","Kusko",TRUE,NA,NA,NA,NA,NA,NA,NA,NA,NA,NA,NA,NA,NA,"CWAK"
"Kusko","Kusko",0.967988095238095,0.02765,0.00436190476190476,"GAM","RF",TRUE,"2021_kk_160","Kusko",TRUE,NA,NA,NA,NA,NA,NA,NA,NA,NA,NA,NA,NA,NA,"CWAK"
"Kusko","Kusko",0.749016666666667,0.0200246031746032,0.23095873015873,"GAM","RF",TRUE,"2021_kk_161","Kusko",TRUE,NA,NA,NA,NA,NA,NA,NA,NA,NA,NA,NA,NA,NA,"CWAK"
"Kusko","Kusko",0.608161904761904,0.0538150793650794,0.338023015873016,"GAM","RF",TRUE,"2021_kk_173","Kusko",TRUE,NA,NA,NA,NA,NA,NA,NA,NA,NA,NA,NA,NA,NA,"CWAK"
"Kusko","Kusko",0.957449206349206,0.0221388888888889,0.0204119047619048,"GAM","RF",TRUE,"2021_kk_190","Kusko",TRUE,NA,NA,NA,NA,NA,NA,NA,NA,NA,NA,NA,NA,NA,"CWAK"
"Kusko","Kusko",0.86322380952381,0.0336119047619048,0.103164285714286,"GAM","RF",TRUE,"2021_kk_206","Kusko",TRUE,NA,NA,NA,NA,NA,NA,NA,NA,NA,NA,NA,NA,NA,"CWAK"
"Nush","Kusko",0.121269047619048,0.878223015873016,0.000507936507936508,"GAM","RF",FALSE,"2021_kk_213","Nush",FALSE,NA,NA,NA,NA,NA,NA,NA,NA,NA,NA,NA,NA,NA,"CWAK"
"Kusko","Kusko",0.984584126984127,0.0074952380952381,0.00792063492063492,"GAM","RF",TRUE,"2021_kk_217","Kusko",TRUE,NA,NA,NA,NA,NA,NA,NA,NA,NA,NA,NA,NA,NA,"CWAK"
"Kusko","Kusko",0.696222222222222,0.292463492063492,0.0113142857142857,"GAM","RF",TRUE,"2021_kk_231","Kusko",TRUE,NA,NA,NA,NA,NA,NA,NA,NA,NA,NA,NA,NA,NA,"CWAK"
"Kusko","Kusko",0.876312698412698,0.105090476190476,0.0185968253968254,"GAM","RF",TRUE,"2021_kk_238_R1","Kusko",TRUE,NA,NA,NA,NA,NA,NA,NA,NA,NA,NA,NA,NA,NA,"CWAK"
"Kusko","Kusko",0.918725396825397,0.0547142857142857,0.0265603174603175,"GAM","RF",TRUE,"2021_kk_275","Kusko",TRUE,NA,NA,NA,NA,NA,NA,NA,NA,NA,NA,NA,NA,NA,"CWAK"
"Yukon","Kusko",0.360042857142857,0.222218253968254,0.417738888888889,"GAM","RF",FALSE,"2021_kk_286","Yukon",FALSE,NA,NA,NA,NA,NA,NA,NA,NA,NA,NA,NA,NA,NA,"CWAK"
"Kusko","Kusko",0.961325396825397,0.00868730158730159,0.0299873015873016,"GAM","RF",TRUE,"2021_kk_322","Kusko",TRUE,NA,NA,NA,NA,NA,NA,NA,NA,NA,NA,NA,NA,NA,"CWAK"
"Kusko","Kusko",0.842151587301587,0.00797936507936508,0.149869047619048,"GAM","RF",TRUE,"2021_kk_340","Kusko",TRUE,NA,NA,NA,NA,NA,NA,NA,NA,NA,NA,NA,NA,NA,"CWAK"
"Kusko","Kusko",0.766692857142857,0.0836531746031746,0.149653968253968,"GAM","RF",TRUE,"2021_kk_366","Kusko",TRUE,NA,NA,NA,NA,NA,NA,NA,NA,NA,NA,NA,NA,NA,"CWAK"
"Kusko","Kusko",0.864713492063492,0.0254388888888889,0.109847619047619,"GAM","RF",TRUE,"2021_kk_374_R1","Kusko",TRUE,NA,NA,NA,NA,NA,NA,NA,NA,NA,NA,NA,NA,NA,"CWAK"
"Yukon","Yukon",0.0753642857142857,0,0.924635714285714,"GAM","RF",TRUE,"2021_yk_001","Yukon",TRUE,1,0.717853607294385,0.00306719798843917,427.800107578277,658.069835610038,"2021-06-04",155,2021,"2021-06-04",0,0,1,"Upper","non-CWAK"
"Yukon","Yukon",0,0,1,"GAM","RF",TRUE,"2021_yk_007","Yukon",TRUE,7,0.723451073845571,0.00129726511250075,434.522058167093,536.116993290233,"2021-06-04",155,2021,"2021-06-04",0,1,0,"Middle","non-CWAK"
"Yukon","Yukon",0,0,1,"GAM","RF",TRUE,"2021_yk_016","Yukon",TRUE,16,0.717658179060686,0.00128928680623718,629.065993139459,718.833092444341,"2021-06-05",156,2021,"2021-06-05",0,0,1,"Upper","non-CWAK"
"Yukon","Yukon",0.0739404761904762,0,0.926059523809524,"GAM","RF",TRUE,"2021_yk_027","Yukon",TRUE,27,0.709737131428943,0.00145019428237782,481.425885938896,589.556085155117,"2021-06-05",156,2021,"2021-06-05",0,0,1,"Upper","non-CWAK"
"Yukon","Yukon",0.295257142857143,0,0.704742857142857,"GAM","RF",TRUE,"2021_yk_029","Yukon",TRUE,29,0.710655381859942,0.00198276112356147,520.236206021351,691.044446204789,"2021-06-05",156,2021,"2021-06-05",0,1,0,"Middle","non-CWAK"
"Yukon","Yukon",0,0,1,"GAM","RF",TRUE,"2021_yk_031","Yukon",TRUE,31,0.715604012216249,0.00154222306580779,544.70071843593,697.038441008925,"2021-06-06",157,2021,"2021-06-06",0,0.0011,0.9989,"Upper","non-CWAK"
"Yukon","Yukon",0,0,1,"GAM","RF",TRUE,"2021_yk_037","Yukon",TRUE,37,0.71430905462451,0.00135045064649137,806.692898399364,932.369491281784,"2021-06-06",157,2021,"2021-06-06",0,0.1475,0.8525,"Upper","non-CWAK"
"Yukon","Yukon",0.0819373015873016,0,0.918062698412698,"GAM","RF",TRUE,"2021_yk_055","Yukon",TRUE,55,0.716672133319962,0.0011518103729741,547.984548785836,687.999153062875,"2021-06-06",157,2021,"2021-06-06",0,0.0128,0.9872,"Upper","non-CWAK"
"Yukon","Yukon",0.233035714285714,0,0.766964285714286,"GAM","RF",TRUE,"2021_yk_070","Yukon",TRUE,70,0.718544734997755,0.00126944844174257,836.179616448234,930.138510705707,"2021-06-07",158,2021,"2021-06-07",0,1,0,"Middle","non-CWAK"
"Yukon","Yukon",0,0,1,"GAM","RF",TRUE,"2021_yk_084","Yukon",TRUE,84,0.722896412659408,0.00116157017128337,785.547576944134,1035.03709151129,"2021-06-08",159,2021,"2021-06-08",0,1,0,"Middle","non-CWAK"
"Yukon","Yukon",0,0,1,"GAM","RF",TRUE,"2021_yk_104","Yukon",TRUE,104,0.715500498358962,0.00179443748304154,762.992349271242,887.628673065773,"2021-06-11",162,2021,"2021-06-11",0,0,1,"Upper","non-CWAK"
"Yukon","Yukon",0,0,1,"GAM","RF",TRUE,"2021_yk_112","Yukon",TRUE,112,0.730925241260657,0.00178386735991443,739.118365841296,870.89211957237,"2021-06-12",163,2021,"2021-06-12",0,0.9994,6e-04,"Middle","non-CWAK"
"Yukon","Yukon",0,0,1,"GAM","RF",TRUE,"2021_yk_136","Yukon",TRUE,136,0.719032842474216,0.00241782151976222,710.918533206015,921.867725038075,"2021-06-15",166,2021,"2021-06-15",0,0,1,"Upper","non-CWAK"
"Kusko","Yukon",0.824477777777778,0,0.175522222222222,"GAM","RF",FALSE,"2021_yk_145","Kusko",FALSE,145,0.709600094518853,0.00139446062574134,655.448593991261,838.72359351738,"2021-06-15",166,2021,"2021-06-15",0,0,1,"Upper","non-CWAK"
"Yukon","Yukon",0,0,1,"GAM","RF",TRUE,"2021_yk_160","Yukon",TRUE,160,0.723257017721496,0.00265095222104559,607.713039877719,762.807226734659,"2021-06-16",167,2021,"2021-06-16",0,1,0,"Middle","non-CWAK"
"Yukon","Yukon",0,0,1,"GAM","RF",TRUE,"2021_yk_164","Yukon",TRUE,164,0.715915926121011,0.00164246479342318,516.192143462069,675.63934922477,"2021-06-18",169,2021,"2021-06-18",0,0,1,"Upper","non-CWAK"
"Yukon","Yukon",0,0,1,"GAM","RF",TRUE,"2021_yk_167","Yukon",TRUE,167,0.712227089880778,0.00286674996510333,266.133229092168,479.518713784495,"2021-06-18",169,2021,"2021-06-18",0,1,0,"Middle","non-CWAK"
"Yukon","Yukon",0.00625,0,0.99375,"GAM","RF",TRUE,"2021_yk_172","Yukon",TRUE,172,0.714986600694508,0.00299260335144182,560.057567231171,768.259456369665,"2021-06-18",169,2021,"2021-06-18",0,0,1,"Upper","non-CWAK"
"Yukon","Yukon",0.0218738095238095,0,0.97812619047619,"GAM","RF",TRUE,"2021_yk_195","Yukon",TRUE,195,0.729673584132388,0.00188050551508188,727.193019027202,780.459485102178,"2021-06-21",172,2021,"2021-06-21",0,0,1,"Upper","non-CWAK"
"Yukon","Yukon",0,0,1,"GAM","RF",TRUE,"2021_yk_203","Yukon",TRUE,203,0.718535978806211,0.00346084276684659,582.479967278252,826.493372184173,"2021-06-16",167,2021,"2021-06-16",0,0,1,"Upper","non-CWAK"
"Yukon","Yukon",0.201031746031746,0,0.798968253968254,"GAM","RF",TRUE,"2021_yk_208","Yukon",TRUE,208,0.714724766164782,0.00217131078836051,612.63154779626,833.531835345969,"2021-06-27",178,2021,"2021-06-27",0,0,1,"Upper","non-CWAK"
"Yukon","Yukon",0,0,1,"GAM","RF",TRUE,"2021_yk_217","Yukon",TRUE,217,0.714517333265798,0.00331113612240763,599.703047367839,790.183565369449,"2021-07-08",189,2021,"2021-07-08",0,0,1,"Upper","non-CWAK"
"Yukon","Yukon",0,0,1,"GAM","RF",TRUE,"2021_yk_301","Yukon",TRUE,301,0.72285188388909,0.00133801407196147,595.595002490379,729.727849046145,"2021-06-22",173,2021,"2021-06-22",0,1,0,"Middle","non-CWAK"
"Yukon","Yukon",0.026365873015873,0,0.973634126984127,"GAM","RF",TRUE,"2021_yk_303","Yukon",TRUE,303,0.709939441895851,0.00174181012694166,627.901227284494,915.969625642724,"2021-06-22",173,2021,"2021-06-22",0,0.9999,0,"Middle","non-CWAK"
"Yukon","Yukon",0,0,1,"GAM","RF",TRUE,"2021_yk_314","Yukon",TRUE,314,0.712596528927387,0.0014107581169857,900.592589386465,1078.06381046301,"2021-06-24",175,2021,"2021-06-24",0,0.9999,0,"Middle","non-CWAK"
"Yukon","Yukon",0,0,1,"GAM","RF",TRUE,"2021_yk_357","Yukon",TRUE,357,0.710227462054892,0.00196282313536365,536.73156653721,720.013779563409,"2021-06-26",177,2021,"2021-06-26",0,0,1,"Upper","non-CWAK"
"Yukon","Yukon",0,0,1,"GAM","RF",TRUE,"2021_yk_386","Yukon",TRUE,386,0.711364022398077,0.00209888444263415,692.531693203852,861.835078158847,"2021-06-27",178,2021,"2021-06-27",0,0,1,"Upper","non-CWAK"
"Yukon","Yukon",0,0,1,"GAM","RF",TRUE,"2021_yk_410","Yukon",TRUE,410,0.716671722525134,0.00222821016532333,541.773477827016,661.366763565796,"2021-06-28",179,2021,"2021-06-28",0,3e-04,0.9997,"Upper","non-CWAK"
"Kusko","Yukon",0.657403174603175,0.012302380952381,0.330294444444444,"GAM","RF",FALSE,"2021_yk_477","Kusko",FALSE,477,0.707630348360983,0.000999399402982368,610.942985695247,838.247831610898,"2021-07-02",183,2021,"2021-07-02",1,0,0,"Lower","CWAK"
"Yukon","Yukon",0,0,1,"GAM","RF",TRUE,"2021_yk_478","Yukon",TRUE,478,0.721585239832945,0.00197489212430877,501.714287175203,712.998238844297,"2021-07-02",183,2021,"2021-07-02",0,1,0,"Middle","non-CWAK"
"Yukon","Yukon",0.223299206349206,0.349912698412699,0.426788095238095,"GAM","RF",TRUE,"2021_yk_495","Yukon",TRUE,495,0.707558350984206,0.0027668942703717,399.258502859914,553.205615186812,"2021-07-04",185,2021,"2021-07-04",1,0,0,"Lower","CWAK"
"Yukon","Yukon",0,0,1,"GAM","RF",TRUE,"2021_yk_499","Yukon",TRUE,499,0.718777633916158,0.0032233649215384,192.733921334581,479.043750749758,"2021-07-05",186,2021,"2021-07-05",0,0,1,"Upper","non-CWAK"
"Yukon","Yukon",0,0,1,"GAM","RF",TRUE,"2021_yk_510","Yukon",TRUE,510,0.710065532951025,0.0017253464257451,532.968363311547,731.396254838517,"2021-07-05",186,2021,"2021-07-05",0,0,1,"Upper","non-CWAK"
"Kusko","Kusko",0.59512619047619,0.00975079365079365,0.395123015873016,"GAM","RF",TRUE,"corrected_2022_kk_017","Kusko",TRUE,NA,NA,NA,NA,NA,NA,NA,NA,NA,NA,NA,NA,NA,"CWAK"
"Kusko","Kusko",0.753971428571429,0.184353968253968,0.0616746031746032,"GAM","RF",TRUE,"corrected_2022_kk_041","Kusko",TRUE,NA,NA,NA,NA,NA,NA,NA,NA,NA,NA,NA,NA,NA,"CWAK"
"Kusko","Kusko",0.996833333333333,0,0.00316666666666667,"GAM","RF",TRUE,"corrected_2022_kk_076","Kusko",TRUE,NA,NA,NA,NA,NA,NA,NA,NA,NA,NA,NA,NA,NA,"CWAK"
"Kusko","Kusko",0.896545238095238,0.00278333333333333,0.100671428571429,"GAM","RF",TRUE,"corrected_2022_kk_079","Kusko",TRUE,NA,NA,NA,NA,NA,NA,NA,NA,NA,NA,NA,NA,NA,"CWAK"
"Kusko","Kusko",0.819165873015873,0.0773142857142857,0.103519841269841,"GAM","RF",TRUE,"corrected_2022_kk_083","Kusko",TRUE,NA,NA,NA,NA,NA,NA,NA,NA,NA,NA,NA,NA,NA,"CWAK"
"Kusko","Kusko",0.870147619047619,0.0188992063492063,0.110953174603175,"GAM","RF",TRUE,"corrected_2022_kk_092","Kusko",TRUE,NA,NA,NA,NA,NA,NA,NA,NA,NA,NA,NA,NA,NA,"CWAK"
"Kusko","Kusko",0.77826746031746,0.0655761904761905,0.156156349206349,"GAM","RF",TRUE,"corrected_2022_kk_093","Kusko",TRUE,NA,NA,NA,NA,NA,NA,NA,NA,NA,NA,NA,NA,NA,"CWAK"
"Kusko","Kusko",0.641097619047619,0.0157587301587302,0.343143650793651,"GAM","RF",TRUE,"corrected_2022_kk_094","Kusko",TRUE,NA,NA,NA,NA,NA,NA,NA,NA,NA,NA,NA,NA,NA,"CWAK"
"Kusko","Kusko",0.991066666666667,0.00893333333333333,0,"GAM","RF",TRUE,"corrected_2022_kk_099","Kusko",TRUE,NA,NA,NA,NA,NA,NA,NA,NA,NA,NA,NA,NA,NA,"CWAK"
"Kusko","Kusko",0.994730952380952,0,0.00526904761904762,"GAM","RF",TRUE,"corrected_2022_kk_103","Kusko",TRUE,NA,NA,NA,NA,NA,NA,NA,NA,NA,NA,NA,NA,NA,"CWAK"
"Kusko","Kusko",0.972957142857143,0,0.0270428571428571,"GAM","RF",TRUE,"corrected_2022_kk_113","Kusko",TRUE,NA,NA,NA,NA,NA,NA,NA,NA,NA,NA,NA,NA,NA,"CWAK"
"Kusko","Kusko",0.924949206349206,0.0581492063492063,0.0169015873015873,"GAM","RF",TRUE,"corrected_2022_kk_126","Kusko",TRUE,NA,NA,NA,NA,NA,NA,NA,NA,NA,NA,NA,NA,NA,"CWAK"
"Kusko","Kusko",0.960264285714286,0.0201468253968254,0.0195888888888889,"GAM","RF",TRUE,"corrected_2022_kk_183","Kusko",TRUE,NA,NA,NA,NA,NA,NA,NA,NA,NA,NA,NA,NA,NA,"CWAK"
"Kusko","Kusko",0.976763492063492,0.00688095238095238,0.0163555555555556,"GAM","RF",TRUE,"corrected_2022_kk_184","Kusko",TRUE,NA,NA,NA,NA,NA,NA,NA,NA,NA,NA,NA,NA,NA,"CWAK"
"Kusko","Kusko",0.47939126984127,0.0623944444444444,0.458214285714285,"GAM","RF",TRUE,"corrected_2022_kk_195","Kusko",TRUE,NA,NA,NA,NA,NA,NA,NA,NA,NA,NA,NA,NA,NA,"CWAK"
"Kusko","Kusko",0.967620634920635,0.0210936507936508,0.0112857142857143,"GAM","RF",TRUE,"corrected_2022_kk_196","Kusko",TRUE,NA,NA,NA,NA,NA,NA,NA,NA,NA,NA,NA,NA,NA,"CWAK"
"Kusko","Kusko",0.708801587301587,0.0720619047619048,0.219136507936508,"GAM","RF",TRUE,"corrected_2022_kk_205","Kusko",TRUE,NA,NA,NA,NA,NA,NA,NA,NA,NA,NA,NA,NA,NA,"CWAK"
"Kusko","Kusko",0.840704761904762,0.0121984126984127,0.147096825396825,"GAM","RF",TRUE,"corrected_2022_kk_209","Kusko",TRUE,NA,NA,NA,NA,NA,NA,NA,NA,NA,NA,NA,NA,NA,"CWAK"
"Kusko","Kusko",0.755144444444445,0.173557936507936,0.071297619047619,"GAM","RF",TRUE,"corrected_2022_kk_210","Kusko",TRUE,NA,NA,NA,NA,NA,NA,NA,NA,NA,NA,NA,NA,NA,"CWAK"
"Kusko","Kusko",0.988888888888889,0.0111111111111111,0,"GAM","RF",TRUE,"corrected_2022_kk_216","Kusko",TRUE,NA,NA,NA,NA,NA,NA,NA,NA,NA,NA,NA,NA,NA,"CWAK"
"Nush","Kusko",0.102757142857143,0.894340476190476,0.00290238095238095,"GAM","RF",FALSE,"corrected_2022_kk_219","Nush",FALSE,NA,NA,NA,NA,NA,NA,NA,NA,NA,NA,NA,NA,NA,"CWAK"
"Kusko","Kusko",0.911266666666667,4e-04,0.0883333333333334,"GAM","RF",TRUE,"corrected_2022_kk_220","Kusko",TRUE,NA,NA,NA,NA,NA,NA,NA,NA,NA,NA,NA,NA,NA,"CWAK"
"Kusko","Kusko",0.79927619047619,0.0499269841269841,0.150796825396825,"GAM","RF",TRUE,"corrected_2022_kk_231","Kusko",TRUE,NA,NA,NA,NA,NA,NA,NA,NA,NA,NA,NA,NA,NA,"CWAK"
"Kusko","Kusko",0.99130873015873,0,0.00869126984126984,"GAM","RF",TRUE,"corrected_2022_kk_245","Kusko",TRUE,NA,NA,NA,NA,NA,NA,NA,NA,NA,NA,NA,NA,NA,"CWAK"
"Kusko","Kusko",0.999333333333333,0,0.000666666666666667,"GAM","RF",TRUE,"corrected_2022_kk_248","Kusko",TRUE,NA,NA,NA,NA,NA,NA,NA,NA,NA,NA,NA,NA,NA,"CWAK"
"Kusko","Kusko",0.828315873015873,0.0187873015873016,0.152896825396825,"GAM","RF",TRUE,"corrected_2022_kk_260","Kusko",TRUE,NA,NA,NA,NA,NA,NA,NA,NA,NA,NA,NA,NA,NA,"CWAK"
"Kusko","Kusko",0.989801587301588,0.00355555555555556,0.00664285714285714,"GAM","RF",TRUE,"corrected_2022_kk_289","Kusko",TRUE,NA,NA,NA,NA,NA,NA,NA,NA,NA,NA,NA,NA,NA,"CWAK"
"Kusko","Kusko",0.977779365079365,0,0.0222206349206349,"GAM","RF",TRUE,"corrected_2022_kk_296","Kusko",TRUE,NA,NA,NA,NA,NA,NA,NA,NA,NA,NA,NA,NA,NA,"CWAK"
"Nush","Kusko",0.450718253968254,0.499544444444444,0.0497373015873016,"GAM","RF",FALSE,"corrected_2022_kk_317","Nush",FALSE,NA,NA,NA,NA,NA,NA,NA,NA,NA,NA,NA,NA,NA,"CWAK"
"Kusko","Kusko",0.817429365079365,0.0155666666666667,0.167003968253968,"GAM","RF",TRUE,"corrected_2022_kk_334","Kusko",TRUE,NA,NA,NA,NA,NA,NA,NA,NA,NA,NA,NA,NA,NA,"CWAK"
"Kusko","Kusko",0.499826984126984,0.37905873015873,0.121114285714286,"GAM","RF",TRUE,"corrected_2022_kk_343","Kusko",TRUE,NA,NA,NA,NA,NA,NA,NA,NA,NA,NA,NA,NA,NA,"CWAK"
"Kusko","Kusko",0.895100793650793,0.0375103174603175,0.0673888888888889,"GAM","RF",TRUE,"corrected_2022_kk_356","Kusko",TRUE,NA,NA,NA,NA,NA,NA,NA,NA,NA,NA,NA,NA,NA,"CWAK"
"Kusko","Kusko",0.968790476190476,0.0135968253968254,0.0176126984126984,"GAM","RF",TRUE,"corrected_2022_kk_371","Kusko",TRUE,NA,NA,NA,NA,NA,NA,NA,NA,NA,NA,NA,NA,NA,"CWAK"
